docket_number,type,case_name,court_ids,granted,argument_date,decided_date,result,term,metadata_docket_number,metadata_case_name,lower_court_citation,lower_court_docket_number
"134, Orig.",,NEW JERSEY V. DELAWARE,,,11/27/07,3/31/08,New Jersey’s exceptions overruled; Sp. Master’s decree entered with      modifications  (SGB – no part),Oct-07,,,,
06-43,CFX,"STONERIDGE INVESTMENT V. SCIENTIFIC-ATLANTA, INC.",USCA-8,3/26/07,10/9/07,1/15/08,AFFIRMED AND REMANDED (SGB – no part),Oct-07,,,,
06-179,CFX,"RIEGEL V. MEDTRONIC, INC.",USCA-2,6/25/07,12/4/07,2/20/08,AFFIRMED,Oct-07,,,,
06-457,CFX,"ROWE, ATT’Y GEN. OF ME V. NH MOTOR TRANSPORT ASSN.",USCA-1,6/25/07,11/28/07,2/20/08,AFFIRMED,Oct-07,,,,
06-571,CFY,WATSON V. UNITED STATES,USCA-5,2/26/07,10/9/07,12/10/07,REVERSED AND REMANDED,Oct-07,,,,
06-637,CFX,BD. OF EDUCATION OF CITY OF NEW YORK V. TOM F.,USCA-2,2/26/07,10/1/07,10/10/07,AFFIRMED (AMK – no part),Oct-07,,,,
06-666,CSX,DEPT. OF REVENUE OF KY V. DAVIS,CA-KY,5/21/07,11/5/07,5/19/08,REVERSED AND REMANDED,Oct-07,,,,
06-694,CFY,UNITED STATES V. WILLIAMS,USCA-11,3/26/07,10/30/07,5/19/08,REVERSED,Oct-07,,,,
06-766,CFX,NY BD. OF ELECTIONS V. TORRES,USCA-2,2/20/07,10/3/07,1/16/08,REVERSED,Oct-07,,,,
06-856,CFX,"LARUE V. DEWOLFF, BOBERG & ASSOC., INC.",USCA-4,6/18/07,11/26/07,2/20/08,VACATED AND REMANDED,Oct-07,,,,
06-923,CFX,METROPOLITAN LIFE INS. CO. V. GLENN,USCA-6,1/18/08,4/23/08,6/19/08,AFFIRMED,Oct-07,,,,
06-937,CFX,"QUANTA COMPUTER, INC. V. LG ELECTRONICS, INC.",USCA-Fed,9/25/07,1/16/08,6/9/08,REVERSED,Oct-07,,,,
06-939,CFX,"CHAMBER OF COMMERCE V. BROWN, ATT’Y GEN. OF CA",USCA-9,11/20/07,3/19/08,6/19/08,REVERSED AND REMANDED,Oct-07,,,,
06-984,CSH,MEDELLIN V. TEXAS,"Crim. App., TX",4/30/07,10/10/07,3/25/08,AFFIRMED,Oct-07,,,,
06-989,CFX,"HALL STREET ASSOC. V. MATTEL, INC.",USCA-9,5/29/07,11/7/07,3/25/08,VACATED AND REMANDED,Oct-07,,,,
06-1005,CFH,UNITED STATES V. SANTOS,USCA-7,4/23/07,10/3/07,6/2/08,AFFIRMED,Oct-07,,,,
06-1037,CFX,KENTUCKY RETIREMENT SYS. V. EEOC,USCA-6,9/25/07,1/9/08,6/19/08,REVERSED,Oct-07,,,,
06-1082,CSY,VIRGINIA V. MOORE,SC-VA,9/25/07,1/14/08,4/23/08,REVERSED AND REMANDED,Oct-07,,,,
06-1164,CFX,JOHN R. SAND & GRAVEL CO. V. UNITED STATES,USCA-Fed,5/29/07,11/6/07,1/8/08,AFFIRMED,Oct-07,,,,
06-1181,CFX,"DADA V. MUKASEY, ATT’Y GEN.",USCA-5,9/25/07,1/7/08,6/16/08,REVERSED AND REMANDED,Oct-07,,,,
06-1204,CFX,PHILIPPINES V. PIMENTEL,USCA-9,12/3/07,3/17/08,6/12/08,REVERSED AND REMANDED,Oct-07,,,,
06-1221,CFX,SPRINT/UNITED MANAGEMENT CO. V. MENDELSOHN,USCA-10,6/11/07,12/3/07,2/26/08,VACATED AND REMANDED,Oct-07,,,,
06-1286,CFX,KNIGHT V. CIR,USCA-2,6/25/07,11/27/07,1/16/08,AFFIRMED,Oct-07,,,,
06-1287,CFX,"CSX TRANSPORTATION, INC.",USCA-11,5/29/07,11/5/07,12/4/07,REVERSED,Oct-07,,,,
06-1321,CFX,"GOMEZ-PEREZ V. POTTER, POSTMASTER GEN.",USCA-1,9/25/07,2/19/08,5/27/08,REVERSED AND REMANDED,Oct-07,,,,
06-1322,CFX,FEDERAL EXPRESS CORP. V. HOLOWECKI,USCA-2,6/4/07,11/6/07,2/27/08,AFFIRMED,Oct-07,,,,
06-1413,CSX,MEADWESTVACO CORP. V. IL DEPT. OF REVENUE,"App. Crt., IL-1 st Dist",9/25/07,1/16/08,4/15/08,VACATED AND REMANDED,Oct-07,,,,
06-1431,CFX,"CBOCS WEST, INC. V. HUMPHRIES",USCA-7,9/25/07,2/20/08,5/27/08,AFFIRMED,Oct-07,,,,
06-1456,CFY,CUELLAR V. UNITED STATES,USCA-5,10/15/07,2/25/08,6/2/08,REVERSED,Oct-07,,,,
06-1463,CSX,PRESTON V. FERRER,"CA-CA, 2 nd App. Dist",9/25/07,1/14/08,2/20/08,REVERSED AND REMANDED,Oct-07,,,,
06-1498,CFX,WARNER-LAMBERT CO. V. KENT,USCA-2,9/25/07,2/25/08,3/3/08,AFFIRMED (CJ – no part),Oct-07,,,,
06-1505,CFX,MEACHAM V. KNOLLS ATOMIC POWER LAB,USCA-2,1/18/08,4/23/08,6/19/08,VACATED AND REMANDED (SGB – no part),Oct-07,,,,
06-1509,CFY,BOULWARE V. UNITED STATES,USCA-9,9/25/07,1/8/08,3/3/08,VACATED AND REMANDED,Oct-07,,,,
06-1646,CFY,UNITED STATES V. RODRIQUEZ,USCA-9,9/25/07,1/15/08,5/19/08,REVERSED AND REMANDED,Oct-07,,,,
06-1717,CFX,"RICHLIN SECURITY SERVICE CO. V. CHERTOFF, SEC. OF HOMELAND SEC.",USCA-Fed,11/13/07,3/19/08,6/2/08,REVERSED AND REMANDED,Oct-07,,,,
06-6330,CFY,KIMBROUGH V. UNITED STATES,USCA-4,6/11/07,10/2/07,12/10/07,REVERSED AND REMANDED,Oct-07,,,,
06-6911,CFY,LOGAN V. UNITED STATES,USCA-7,2/20/07,10/30/07,12/4/07,AFFIRMED,Oct-07,,,,
06-7517,CFY,IRIZARRY V. UNITED STATES,USCA-11,1/4/08,4/15/08,6/12/08,AFFIRMED,Oct-07,,,,
06-7949,CFY,GALL V. UNITED STATES,USCA-8,6/11/07,10/2/07,12/10/07,REVERSED,Oct-07,,,,
06-8273,CSH,DANFORTH V. MINNESOTA,SC-MN,5/21/07,10/31/07,2/20/08,REVERSED AND REMANDED,Oct-07,,,,
06-9130,CFX,ALI V. FED. BUREAU OF PRISONS,USCA-11,5/29/07,10/29/07,1/22/08,AFFIRMED,Oct-07,,,,
10119,CSY,SNYDER V. LOUISIANA,SC-LA,6/25/07,12/4/07,3/19/08,REVERSED AND REMANDED,Oct-07,,,,
11429,CFY,BURGESS V. UNITED STATES,USCA-4,12/7/07,3/24/08,4/16/08,AFFIRMED,Oct-07,,,,
11543,CFY,BEGAY V. UNITED STATES,USCA-10,9/25/07,1/15/08,4/16/08,REVERSED AND REMANDED,Oct-07,,,,
11612,CFY,GONZALEZ V. UNITED STATES,USCA-5,9/25/07,1/8/08,5/12/08,AFFIRMED,Oct-07,,,,
07-208,CSY,INDIANA V. EDWARDS,SC-IN,12/7/07,3/26/08,6/19/08,VACATED AND REMANDED,Oct-07,,,,
07-210,CFX,BRIDGE V. PHOENIX BOND & INDEMNITY CO.,USCA-7,1/4/08,4/14/08,6/9/08,AFFIRMED,Oct-07,,,,
07-214,CFX,ALLISON ENGINE CO. V. UNITED STATES,USCA-6,10/29/07,2/26/08,6/9/08,VACATED AND REMANDED,Oct-07,,,,
07-219,CFX,EXXON SHIPPING CO. V. BAKER,USCA-9,10/29/07,2/27/08,6/25/08,VACATED AND REMANDED (SAA – no part),Oct-07,,,,
07-290,CFX,DISTRICT OF COLUMBIA V. HELLER,USCA-DC,11/20/07,3/18/08,6/26/08,AFFIRMED,Oct-07,,,,
07-308,CFX,UNITED STATES V. CLINTWOOD ELKHORN MINING,USCA-Fed,12/3/07,3/24/08,4/15/08,REVERSED,Oct-07,,,,
07-312,CFX,"FL DEPT. OF REVENUE V. PICCADILLY CAFETERIAS, INC.",USCA-11,12/7/07,3/26/08,6/16/08,REVERSED AND REMANDED,Oct-07,,,,
07-330,CFY,GREENLAW V. UNITED STATES,USCA-8,1/4/08,4/15/08,6/23/08,VACATED AND REMANDED,Oct-07,,,,
07-343,CSY,KENNEDY V. LOUISIANA,SC-LA,1/4/08,4/16/08,6/25/08,REVERSED AND REMANDED,Oct-07,,,,
07-371,CFX,"TAYLOR V. STURGELL, ACT. ADM’R, FAA",USCA-DC,1/11/08,4/16/08,6/12/08,VACATED AND REMANDED,Oct-07,,,,
07-411,CFX,PLAINS COMMERCE BANK V.,USCA-8,1/4/08,4/14/08,6/25/08,REVERSED,Oct-07,,,,
07-440,CFX,"ROTHGERY V. GILLESPIE COUNTY, TX",USCA-5,12/3/07,3/17/08,6/23/08,VACATED AND REMANDED,Oct-07,,,,
07-455,CFY,UNITED STATES V. RESSAM,USCA-9,12/7/07,3/25/08,5/19/08,REVERSED,Oct-07,,,,
07-474,CFX,ENGQUIST V. OR DEPT. OF AGRICULTURE,USCA-9,1/11/08,4/21/08,6/9/08,AFFIRMED,Oct-07,,,,
07-552,CFX,SPRINT COMMUNICATIONS CO. V. APCC SERVICES,USCA-DC,1/4/08,4/21/08,6/23/08,AFFIRMED,Oct-07,,,,
07-5439,CSX,"BAZE V. REES, COMM’R, KY DOC",SC-KY,9/25/07,1/7/08,4/16/08,AFFIRMED,Oct-07,,,,
07-6053,CSY,GILES V. CALIFORNIA,SC-CA,1/11/08,4/22/08,6/25/08,VACATED AND REMANDED,Oct-07,,,,
06-1346,CFH,ALI V. ACHIM,USCA-7,9/25/07,,,DISMISSED – Rule 46,Oct-07,,,,
06-1265,CFX,"KLEIN & CO. FUTURES, INC. V. BD. OF TRADE OF CITY OF NY",USCA-2,5/21/07,10/29/07,,DISMISSED – Rule 46,Oct-07,,,,
07-77,ATX,"RILEY, GOV. OF AL V. KENNEDY",USDC-Middle Dist. AL,,3/24/08,5/27/08,REVERSED AND REMANDED,Oct-07,,,,
07-110,CFH,ARAVE V. HOFFMAN,USCA-9,11/5/07,,1/7/08,VACATED AND REMANDED,Oct-07,,,,
07-320,ATX,DAVIS V. FEC,USDC-DC,,4/22/08,6/26/08,REVERSED AND REMANDED,Oct-07,,,,
07-480,CFX,"HUBER V. WAL-MART STORES, INC.",USCA-8,12/7/07,,,DISMISSED – Rule 46,Oct-07,,,,
06-1249,CSX,WYETH V. LEVINE,SC-VT,1/18/08,12/1/08,3/9/09,EXCEPTION OVERRULED  Decided: 3/9/09,Oct-08,,,,
07-512,CFX,PACIFIC BELL TELEPHONE CO. V. LINKLINE COMMUNICATIONS,USCA-9,6/23/08,12/8/08,2/25/09,REVERSED AND REMANDED,Oct-08,,,,
07-562,CFX,ALTRIA GROUP V. GOOD,USCA-1,1/18/08,10/6/08,12/15/08,AFFIRMED AND REMANDED,Oct-08,,,,
07-610,CFX,LOCKE V. KARASS,USCA-1,2/19/08,10/6/08,1/21/09,AFFIRMED,Oct-08,,,,
07-772,CFH,"WADDINGTON, SUPT., WA V. SARAUSAD",USCA-9,3/17/08,10/15/08,1/21/09,REVERSED AND REMANDED,Oct-08,,,,
07-1015,CFX,"ASHCROFT, FORMER ATT’Y GEN. V. IQBAL",USCA-2 Grant: 6/16/08,6/16/08,12/10/08,5/18/09,REVERSED AND REMANDED  07-1059)*  07-1078)*  CFX  CFX  UNITED STATES V. EURODIF S. A.  USEC INC. V. EURODIF S. A.  Court: USCA-Fed.     Argument Date: 11/4/08,Oct-08,,,,
07-1209,CFX,"SHINSEKI, SEC. OF VA V. SANDERS",USCA-Fed. Grant: 6/16/08,6/16/08,12/8/08,4/21/09,Shinseki v. Sanders is REVERSED AND REMANDED; and  Shinseki v. Simmons is VACATED AND REMANDED  07-1216 CSX PHILIP MORRIS USA INC. V. WILLIAMS  Court: SC-OR Grant: 6/9/08     Argument Date: 12/3/08  Decided: 3/31/09,Oct-08,,,,
07-1356,CSY,KANSAS V. VENTRIS,SC-KS,10/1/08,1/21/09,4/29/09,REVERSED AND REMANDED,Oct-08,,,,
07-6984,CFH,"JIMENEZ V. QUARTERMAN, DIR., TX DOC",USCA-9 Grant: 10/1/08,10/1/08,2/24/09,5/4/09,"REVERSED AND REMANDED  07-6984* CFH JIMENEZ V. QUARTERMAN, DIR., TX DOC  Court: USCA-5 Grant: 3/17/08     Argument Date: 11/4/08  Decided: 1/13/09",Oct-08,,,,
10441,CFY,CORLEY V. UNITED STATES,USCA-3,10/1/08,1/21/09,4/6/09,VACATED AND REMANDED  Grant: 10/1/08  Decided: 4/6/09,Oct-08,,,,
08-146,CFX,ARTHUR ANDERSEN LLP V. CARLISLE,USCA-6,11/7/08,3/3/09,5/4/09,REVERSED AND REMANDED,Oct-08,,,,
08-305,CFX,FOREST GROVE SCHOOL DISTRICT V. T. A.,USCA-9,1/16/09,4/28/09,6/22/09,AFFIRMED,Oct-08,,,,
08-495,CFX,"NIJHAWAN V. HOLDER, ATT’Y GEN.",USCA-3,1/16/09,4/27/09,6/15/09,AFFIRMED  Grant: 1/16/09  Decided: 6/15/09  08-598* CFH BOBBY V. BIES  Court: USCA-6     Argument Date: 4/27/09,Oct-08,,,,
08-205,ATX,CITIZENS UNITED V. FEC,USDC-DC Noted: 11/14/08,,3/24/09,,,Oct-08,,,,
"132, Orig.",,ALABAMA V. NORTH CAROLINA,SC-VA,6/29/09,1/11/10,6/1/10,EXCEPTIONS OVERRULED    Decided: 6/1/10,Oct-09,,,,
08-351,CFX,ALVAREZ V. SMITH,USCA-7,2/23/09,10/14/09,12/8/09,"VACATED AND REMANDED  08-472 CFX SALAZAR, SEC. OF INTERIOR V. BUONO     Court: USCA-9    Granted: 2/23/09     Argument Date: 10/7/09   Decided: 4/28/10",Oct-09,,,,
08-651,CSH,PADILLA V. KENTUCKY,SC-KY,2/23/09,10/13/09,3/31/10,REVERSED AND REMANDED      Granted: 2/23/09  Decided: 3/31/10,Oct-09,,,,
08-769,CFY,UNITED STATES V. STEVENS,USCA-3,4/20/09,10/6/09,4/20/10,AFFIRMED  08-810 CFX CONKRIGHT V. FROMMERT  Court: USCA-2 Granted: 6/29/09     Argument Date: 1/20/10   Decided: 4/21/10,Oct-09,,,,
08-964,CFX,BILSKI V. KAPPOS,USCA-Fed,6/1/09,11/9/09,6/28/10,"AFFIRMED  08-969 CFX HEMI GROUP, LLC V. CITY OF NEW YORK, NY  Court: USCA-2 Granted: 5/4/09     Argument Date: 11/3/09   Decided: 1/25/10",Oct-09,,,,
08-1008,CFX,SHADY GROVE ORTHOPEDIC ASSOC. V. ALLSTATE INSURANCE CO.,USCA-2,5/4/09,11/2/09,3/31/10,REVERSED AND REMANDED  08-1107* CFX HERTZ CORP. V. FRIEND     Court: USCA-9     Argument Date: 11/10/09,Oct-09,,,,
08-1191,CFX,MORRISON V. NATIONAL AUSTRALIA BANK LTD.,USCA-2 Granted: 11/30/09 (SS – no part),11/30/09,3/29/10,6/24/10,AFFIRMED (SS – no part)  08-1196 CFY WEYHRAUCH V. UNITED STATES     Court: USCA-9     Argument Date: 12/8/09,Oct-09,,,,
08-1301,CFY,CARR V. UNITED STATES,USCA-7,9/30/09,2/24/10,6/1/10,REVERSED AND REMANDED  Granted: 9/30/09    Decided: 6/1/10,Oct-09,,,,
08-1402,CFH,"BERGHUIS, WARDEN V. SMITH",USCA-6 Granted: 9/30/09,9/30/09,1/20/10,3/30/10,"REVERSED AND REMANDED  08-1457 CFX NEW PROCESS STEEL, L.P. V. NATIONAL LABOR RELATIONS BOARD     Court: USCA-7    Granted: 11/2/09     Argument Date: 3/23/10   Decided: 6/17/10",Oct-09,,,,
08-1555,CFX,SAMANTAR V. YOUSUF,USCA-9,10/20/09,3/24/10,6/21/10,REVERSED AND REMANDED  08-1555# CFX SAMANTAR V. YOUSUF     Court: USCA-4     Argument Date: 3/3/10,Oct-09,,,,
09-60,CFX,"CARACHURI-ROSENDO V. HOLDER, ATT’Y GEN.",USCA-5,12/14/09,3/31/10,6/14/10,"REVERSED  09-158 CFH MAGWOOD V. PATTERSON, WARDEN     Court: USCA-11    Granted: 11/16/09     Argument Date: 3/24/10   Decided: 6/24/10",Oct-09,,,,
09-448,CFX,HARDT V. RELIANCE STANDARD LIFE INS.,USCA-4 Granted: 1/15/10,1/15/10,4/26/10,5/24/10,REVERSED AND REMANDED  09-475 CFX MONSANTO CO. V. GEERTSON SEED FARMS  Court: USCA-9 Granted: 1/15/10 (SB – no part)     Argument Date: 4/27/10   Decided: 6/21/10,Oct-09,,,,
09-6338,CFY,DILLON V. UNITED STATES,USCA-3,12/7/09,3/30/10,6/17/10,AFFIRMED (SAA – no part)     Granted: 12/7/09    Decided: 6/17/10,Oct-09,,,,
08-6261,CSX,"ROBERTSON V. UNITED STATES, EX REL. WATSON",CA-DC,12/14/09,3/31/10,5/24/10,"DISMISSED AS IMPROVIDENTLY GRANTED  08-7621 CSH SULLIVAN V. FLORIDA  Court: DC of App. FL, 1st Dist. Granted: 5/4/09     Argument Date: 11/9/09   Decided: 5/17/10     A uthor: Per Curiam    R esult: DISMISSED AS IMPROVIDENTLY GRANTED  09-38 CFX HEALTH CARE SERVICE V. POLLITT     Court: USCA-7    Granted: 10/13/09     Order Date: 2/24/10     R esult: DISMISSED – Rule 46  No. of Cases made available for Argument (Hours): 85 (80) + 1 (1) reargument in 08-205  No. of Cases Argued (Hours): 81 (77) + 1 (1) reargument in 08-205  No. of Cases Disposed of (Hours): 86 (81)  WITH ARGUMENT:   Signed Opinion/Judgment – 77 (73) Per Curiam –4(4) Dismissed – 1 (1)  WITHOUT ARGUMENT:   Signed Opinion/Judgment - Per Curiam – 2 (2) Dismissed – 2 (1)  14 NOTE:   *Unanimous Court/ **Unanimous Court in Part/ #Unanimous in Judgment",Oct-09,,,,
2009,CASE,CODE KEY,,,,,,Oct-09,,,,
"137, Orig.",,MONTANA V. WYOMING AND NORTH DAKOTA,"CA-CA, 4 th App. Dist., Div. 3 Granted: 5/24/10",5/24/10,1/10/11,5/2/11,"Exception Overruled (EK – no part)  08-1314# CSX WILLIAMSON V. MAZDA MOTOR OF AMERICA, INC.  Court: CA-CA, 4 th App. Dist., Div. 3 Granted: 5/24/10  Argument Date: 11/3/10 (EK – out) Decided: 2/23/11",Oct-10,,,,
09-150,CSY,MICHIGAN V. BRYANT,SC-MI,3/1/10,10/5/10,2/28/11,VACATED AND REMANDED (EK – no part)  09-152 CFX BRUESEWITZ V. WYETH LLC.    Court: USCA-3    Granted: 3/8/10  Argument Date: 10/12/10 (EK – out) Decided: 2/22/11,Oct-10,,,,
09-520,CFX,"CSX TRANSPORTATION, INC. V. AL DEPT. OF REVENUE",USCA-11 Granted: 6/14/10,1/25/10,10/4/10,11/15/10,"AFFIRMED (EK – no part)     Granted: 1/25/10  Decided: 11/15/10  09-520 CFX CSX TRANSPORTATION, INC. V. AL DEPT. OF REVENUE  Court: USCA-11 Granted: 6/14/10     Argument Date: 11/10/10   Decided: 2/22/11",Oct-10,,,,
09-587,CFH,"HARRINGTON, WARDEN V. RICHTER",USCA-9,2/22/10,10/12/10,1/19/11,"REVERSED AND REMANDED (EK – no part)  09-658# CFH PREMO, SUPT., OR V. MOORE     Court: USCA-9    Granted: 3/22/10  Argument Date: 10/12/10 (EK – out) Decided: 1/19/11",Oct-10,,,,
09-846,CFX,UNITED STATES V. TOHONO O’ODHAM NATION,USAC-Fed Granted: 4/19/10,4/19/10,11/1/10,4/26/11,"REVERSED AND REMANDED (EK – no part)  09-868**# CFH WALL, DIR., RI DOC V. KHOLI  Court: USCA-1     Argument Date: 11/29/10",Oct-10,,,,
09-996,CFH,"WALKER, WARDEN V. MARTIN",USCA-9,6/21/10,11/29/10,2/23/11,"REVERSED     Granted: 6/21/10    Decided: 2/23/11  09-1036* CFX HENDERSON V. SHINSEKI, SEC. OF VA  Court: USCA-Fed Granted: 6/28/10  Argument Date: 12/6/10 (EK – out) Decided: 3/1/11",Oct-10,,,,
09-1227,CFY,BOND V. UNITED STATES,USCA-3,10/12/10,2/22/11,6/16/11,REVERSED AND REMANDED     Granted: 10/12/10    Decided: 6/16/11,Oct-10,,,,
09-1476,CFX,"DURYEA, PA V. GUARNIERI",USCA-9,10/12/10,3/1/11,5/26/11,"VACATED IN PART AND REMANDED  09-1476 CFX DURYEA, PA V. GUARNIERI  Court: USCA-3     Argument Date: 3/22/11",Oct-10,,,,
09-9000,CFX,SKINNER V. SWITZER,USCA-5,5/24/10,10/13/10,3/7/11,REVERSED AND REMANDED     Granted: 5/24/10    Decided: 3/7/11,Oct-10,,,,
10-10,CSX,TURNER V. ROGERS,SC–SC Granted: 11/1/10,11/1/10,3/23/11,6/20/11,"VACATED AND REMANDED  10-76* CSX GOODYEAR DUNLOP TIRES OPERATIONS, S.A. V. BROWN    Court: CA–NC    Granted: 9/28/10     Argument Date: 1/11/11   Decided: 6/27/11",Oct-10,,,,
10-235,CFX,"CSX TRANSPORTATION, INC. V. MCBRIDE",USCA-7,11/29/10,3/28/11,6/23/11,AFFIRMED  10-238)  10-239)  CFX  CFX  AZ FREE ENTERPRISE V. BENNETT  MCCOMISH V. BENNETT     Court: USCA-9    Granted: 11/29/10     Argument Date: 3/28/11   Decided: 6/27/11,Oct-10,,,,
10-779,CFX,"SORRELL, ATT’Y GEN. OF VERMONT V. IMS HEALTH INC.",USCA-2 Granted: 1/7/11,1/7/11,4/26/11,6/23/11,"REVERSED AND REMANDED  10-779 CFX SORRELL, ATT’Y GEN. OF VERMONT V. IMS HEALTH INC.  Court: USCA-2 Granted: 1/7/11     Argument Date: 4/26/11   Decided: 6/23/11",Oct-10,,,,
10-72,CFX,"MADISON COUNTY, NY V. ONEIDA INDIAN NATION OF NY",USCA-2 Granted: 10/12/10 (SS – no part),10/12/10,,1/10/11,VACATED AND REMANDED  No. of Cases made available for Argument (Hours): 87 (79)  No. of Cases Argued (Hours): 86 (78)   No. of Cases (Hours) Disposed of: 87 (79)  WITH ARGUMENT:   Signed Opinion/Judgment – 83 (75) Per Curiam – 3 (3) Dismissed –  WITHOUT ARGUMENT:   Signed Opinion/Judgment - Per Curiam – 1 (1) Dismissed –  CASE CODE KEY   First Letter = Jurisdictional  Grounds  (ex. 99-804 CFY)  C - Certiorari  A - Appeal  Q - Certified Question   Second Letter =  Court Below (ex. 99-804  CFY)  S - State  F - U.S. Court of Appeals  T - Three-Judge District Court  M - U.S. Court of Appeals for the Armed Forces  O - Other Court   Third Letter  = Nature of Case  (ex. 99-804  CF Y)  X - Civil  Y  - Criminal  H - Habeas Corpus or other collateral attack  13  NOTE:   *Unanimous Court/ **Unanimous Court in Part/ #Unanimous in Judgment,Oct-10,,,,
10-63,CFH,"MAPLES V. THOMAS, COMMISSIONER, AL DOC",USCA-9 Granted: 1/18/11,1/18/11,10/3/11,2/22/12,"VACATED AND REMANDED  10-63 CFH MAPLES V. THOMAS, COMMISSIONER, AL DOC  Court: USCA-11 Granted: 3/21/11     Argument Date: 10/4/11   Decided: 1/18/12",Oct-11,,,,
10-507,CFX,PACIFIC OPERATORS OFFSHORE V. VALLADOLID,USCA-9,2/22/11,10/11/11,1/11/12,"AFFIRMED AND REMANDED  10-545 CFX GOLAN V. HOLDER, ATT’Y GEN.  Court: USCA-10 Granted: 3/7/11 (EK – no part)     Argument Date: 10/5/11   Decided: 1/18/12",Oct-11,,,,
10-699,CFX,ZIVOTOFSKY,USCA-DC,5/2/11,11/7/11,3/26/12,VACATED AND REMANDED  10-704 CFX MESSERSCHMIDT V. MILLENDER  Court: USCA-9 Granted: 6/27/11     Argument Date: 12/5/11   Decided: 2/22/12,Oct-11,,,,
10-945,CFX,FLORENCE V. BD. OF CHOSEN FREEHOLDERS,USCA-3 Granted: 4/4/11,4/4/11,10/12/11,4/2/12,AFFIRMED  10-948 CFX COMPUCREDIT CORP. V. GREENWOOD  Court: USCA-9 Granted: 5/2/11     Argument Date: 10/11/11   Decided: 1/10/12,Oct-11,,,,
10-1062,CFX,SACKETT V. ENVIRONMENTAL PROTECTION AGENCY,USCA-9,6/28/11,1/9/12,3/21/12,REVERSED AND REMANDED  10-1104 CFX MINNECI V. POLLARD     Court: USCA-9     Argument Date: 11/1/11,Oct-11,,,,
10-1259,CFY,UNITED STATES V. JONES,USCA-DC,6/27/11,11/8/11,1/23/12,AFFIRMED     Granted: 6/27/11    Decided: 1/23/12,Oct-11,,,,
10-6549,CFY,REYNOLDS V. UNITED STATES,USCA-9,9/27/11,1/18/12,6/21/12,REVERSED AND REMANDED  Granted: 9/27/11    Decided: 6/21/12  10-6549 CFY REYNOLDS V. UNITED STATES     Court: USCA-3     Argument Date: 10/3/11,Oct-11,,,,
10-9646,CSY,MILLER V. ALABAMA,"Crim. App., AL",11/7/11,3/20/12,6/25/12,REVERSED AND REMANDED     Granted: 9/27/11    Decided: 4/24/12,Oct-11,,,,
11-159,CFX,"ASTRUE, COMM’R, SOCIAL SEC. V. CAPATO",USCA-3,11/14/11,3/19/12,5/21/12,"REVERSED AND REMANDED  11-161 CSX ARMOUR V. CITY OF INDIANAPOLIS, IN     Court: SC-IN     Granted: 11/14/11     Argument Date: 2/29/12   Decided: 6/4/12",Oct-11,,,,
11-262,CFX,REICHLE V. HOWARDS,USCA-DC,12/12/11,4/24/12,6/18/12,AFFIRMED AND REMANDED  11-262# CFX REICHLE V. HOWARDS  Court: USCA-10 Granted: 12/5/11 (EK – no part)     Argument Date: 3/21/12   Decided: 6/4/12,Oct-11,,,,
11-551,CFX,"SALAZAR, SEC. OF INTERIOR V. RAMAH NAVAJO CHAPTER",USCA-10 Granted: 1/6/12,1/6/12,4/18/12,6/18/12,AFFIRMED  11-5683)  11-5721)  CFY  CFY  DORSEY V. UNITED STATES  HILL V. UNITED STATES  Court: USCA-7     Argument Date: 4/17/12,Oct-11,,,,
10-1032,CFX,MAGNER V. GALLAGHER,USCA-8 Granted: 11/7/11,11/7/11,2/29/12,,DISMISSED – Rule 46  10-1491 CFX KIOBEL V. ROYAL DUTCH PETROLEUM CO.     Court: USCA-2    Granted: 10/17/11     Argument Date: 2/28/12  Order Date:  3/5/12 – restored to calendar for reargument  No. of Cases made available for Argument (Hours): 82 (76)  No. of Cases Argued (Hours): 79 (74) (Health Care cases counted as 4 cases/5 hours)   No. of Cases Disposed of (Hours): 78 (75)  (NOTE: 10-1491 was argued and then set for reargument)   WITH ARGUMENT:   Signed Opinion/Judgment – 73 (70) Per Curiam – 3 (1) Dismissed – 2 (2)  WITHOUT ARGUMENT:   Signed Opinion/Judgment - Per Curiam – Dismissed – 2 (2)  CASE CODE KEY   First Letter = Jurisdictional  Grounds  (ex. 99-804 CFY)  C - Certiorari  A - Appeal  Q - Certified Question   Second Letter =  Court Below (ex. 99-804  CFY)  S - State  F - U.S. Court of Appeals  T - Three-Judge District Court  M - U.S. Court of Appeals for the Armed Forces  O - Other Court   Third Letter  = Nature of Case  (ex. 99-804  CF Y)  X - Civil  Y  - Criminal  H - Habeas Corpus or other collateral attack  12   NOTE:   *Unanimous Court/ **Unanimous Court in Part/ #Unanimous in Judgment,Oct-11,,,,
10-930,CFX,"RYAN, DIR., AZ DOC V. GONZALES",USCA-9,3/19/12,10/9/12,12/10/12,"REVERSED (opinion combined with No. 11-218)  11-184* CFX KLOECKNER V. SOLIS, SEC. OF LABOR  Court: USCA-8 Granted: 1/13/12     Argument Date: 10/2/12   Decided: 12/10/12",Oct-12,,,,
11-460,CFX,LOS ANGELES CTY. FLOOD CONTROL V. NATURAL RESOURCES,USCA-9 Granted: 6/25/12,6/25/12,12/4/12,1/8/13,"REVERSED AND REMANDED  11-465# CFH JOHNSON, ACTING WARDEN V. WILLIAMS  Court: USCA-9 Granted: 1/13/12     Argument Date: 10/3/12   Decided: 2/20/13",Oct-12,,,,
11-702,CFX,"MONCRIEFFE V. HOLDER, ATT’Y GEN.",USCA-5,4/2/12,10/10/12,4/23/13,REVERSED AND REMANDED  11-770 CFY BAILEY V. UNITED STATES     Court: USCA-2    Granted: 6/4/12     Argument Date: 11/1/12   Decided: 2/19/13,Oct-12,,,,
11-889,CFX,TARRANT REGIONAL WATER DISTRICT V. HERRMANN,USCA-10 Granted: 1/4/13,1/4/13,4/23/13,6/13/13,"AFFIRMED  11-982* CFX ALREADY, LLC V. NIKE, INC.  Court: USCA-2 Granted: 6/25/12     Argument Date: 11/7/12   Decided: 1/9/13",Oct-12,,,,
11-1175,CFX,MARX V. GENERAL REVENUE CORP.,USCA-10,5/29/12,11/7/12,2/26/13,AFFIRMED     Granted: 5/29/12    Decided: 2/26/13,Oct-12,,,,
11-1351,CFX,LEVIN V. UNITED STATES,USCA-9,9/25/12,1/15/13,3/4/13,REVERSED AND REMANDED  11-1425 CSY MISSOURI V. McNEELY     Court: SC-MO    Granted: 9/25/12     Argument Date: 1/9/13   Decided: 4/17/13,Oct-12,,,,
11-8976,CFY,SMITH V. UNITED STATES,USCA-DC,6/18/12,11/6/12,1/9/13,AFFIRMED     Granted: 6/18/12    Decided: 1/9/13  11-9307 CFY HENDERSON V. UNITED STATES    Court: USCA-5     Argument Date: 11/28/12,Oct-12,,,,
12-10,CFX,AGENCY FOR INT’L DEVELOPMENT V. ALLIANCE FOR OPEN SOCIETY INT’L,USCA-2 Granted: 1/11/13 (EK – no part),1/11/13,4/22/13,6/20/13,AFFIRMED (EK – no part)  12-17* CFX McBURNEY V. YOUNG  Court: USCA-4 Granted: 10/5/12     Argument Date: 2/20/13   Decided: 4/29/13,Oct-12,,,,
12-71,CFX,ARIZONA V. INTER TRIBAL COUNCIL,USCA-9 Granted: 10/15/12,10/15/12,3/18/13,6/17/13,"AFFIRMED  12-96 CFX SHELBY COUNTY, AL V. HOLDER, ATTY GEN.  Court: USCA-DC Granted: 11/9/12     Argument Date: 2/27/13   Decided: 6/25/13",Oct-12,,,,
12-135,CFX,OXFORD HEALTH PLANS LLC V. SUTTER,USCA-3 Granted: 12/7/12,12/7/12,3/25/13,6/10/13,AFFIRMED  12-142 CFX MUTUAL PHARMACEUTICAL CO. V. BARTLETT     Court: USCA-1    Granted: 11/30/12     Argument Date: 3/19/13   Decided: 6/24/13,Oct-12,,,,
12-307,CFX,UNITED STATES V. WINDSOR,USCA-2,12/7/12,3/27/13,6/26/13,AFFIRMED  Granted: 12/7/12    Decided: 6/26/13,Oct-12,,,,
12-484,CFX,UNIV. OF TX SOUTHWESTERN MED. CENTER V. NASSAR,USCA-5,1/18/13,4/24/13,6/24/13,"VACATED AND REMANDED  12-547* CFH METRISH, WARDEN V. LANCASTER     Court: USCA-6  Argument Date: 4/24/13",Oct-12,,,,
99-804,CF,Y),,,,,,Oct-12,,,,
11-681,CFX,"HARRIS V. QUINN, GOV. OF IL",USCA-7 Granted: 10/1/13,10/1/13,1/21/14,6/30/14,"REVERSED IN PART, AFFIRMED IN PART, AND REMANDED  11-965# CFX DAIMLER AG V. BAUMAN     Court: USCA-9    Granted: 4/22/13     Argument Date: 10/15/13   Decided: 1/14/14",Oct-13,,,,
12-315,CSX,AIR WISCONSIN AIRLINES CORP. V. HOEPER,SC-CO,6/17/13,12/9/13,1/27/14,"REVERSED AND REMANDED  12-414 CFH BURT, WARDEN V. TITLOW  Court: USCA-6     Argument Date: 10/8/13",Oct-13,,,,
12-536,ATX,MCCUTCHEON V. FEDERAL ELECTION COMMISSION,USDC-DC,3/25/13,10/8/13,4/2/14,REVERSED AND REMANDED  12-562* CFX UNITED STATES V. WOODS  Court: USCA-5 Granted: 3/25/13     Argument Date: 10/9/13   Decided: 12/3/13,Oct-13,,,,
12-729,CFX,HEIMESHOFF V. HARTFORD LIFE & ACCIDENTAL INSURANCE CO.,USCA-2 Granted: 4/15/13,4/15/13,10/15/13,12/16/13,AFFIRMED  12-751* CFX FIFTH THIRD BANCORP V. DUDENHOEFFER     Court: USCA-6    Granted: 12/13/13     Argument Date: 4/2/14   Decided: 6/25/14,Oct-13,,,,
12-820,CFX,LOZANO V. ALVAREZ,USCA-2 Granted: 6/24/13,6/24/13,12/11/13,3/5/14,AFFIRMED  12-842 CFX REPUBLIC OF ARGENTINA V. NML CAPITAL    Court: USCA-2    Granted: 1/10/14     Argument Date: 4/21/14   Decided: 6/16/14,Oct-13,,,,
12-992,CFX,RAY HALUCH GRAVEL CO. V. CENTRAL PENSION FUND,USCA-1,6/17/13,12/9/13,1/15/14,REVERSED AND REMANDED  12-1036* CFX MISSISSIPPI V. AU OPTRONICS CORP.    Court: USCA-5  Argument Date: 11/6/13,Oct-13,,,,
12-1163,CFX,HIGHMARK INC. V. ALLCARE HEALTH MANAGEMENT SYS.,USCA-Fed,10/1/13,2/26/14,4/29/14,"VACATED AND REMANDED  12-1168# CFX MCCULLEN V. COAKLEY, ATT’Y GEN., MA  Court: USCA-1 Granted: 6/24/13  Argument Date: 1/15/14 Decided: 6/26/14",Oct-13,,,,
12-1281,CFX,NLRB V. CANNING,USCA-DC,6/24/13,1/13/14,6/26/14,AFFIRMED     Granted: 6/24/13    Decided: 6/26/14,Oct-13,,,,
12-7515,CFY,BURRAGE V. UNITED STATES,USCA-8,4/29/13,11/12/13,1/27/14,REVERSED AND REMANDED     Granted: 4/29/13    Decided: 1/27/14,Oct-13,,,,
13-115,CFX,WOOD V. MOSS,USCA-9 Granted: 11/26/13,11/26/13,3/26/14,5/27/14,"REVERSED  13-132# CSY RILEY V. CALIFORNIA  Court: CA-CA, 4 th App. Dist., Div. 1 Granted: 1/17/14     Argument Date: 4/29/14   Decided: 6/25/14",Oct-13,,,,
13-301,CFX,UNITED STATES V. CLARKE,USCA-11 Granted: 1/10/14,1/10/14,4/23/14,6/19/14,VACATED AND REMANDED  13-316# CFY LOUGHRIN V. UNITED STATES  Court: USCA-10 Granted: 12/13/13  Argument Date: 4/1/14 Decided: 6/23/14,Oct-13,,,,
13-461,CFX,ABC V. AEREO,USCA-2,1/10/14,4/22/14,6/25/14,REVERSED AND REMANDED  Granted: 1/10/14 (SAA – no part)    Decided: 6/25/14,Oct-13,,,,
12-1094,CSX,CLINE V. OKLAHOMA COALITION FOR REPRODUCTIVE JUSTICE,SC-OK,6/27/13,,,DISMISSED AS IMPROVIDENTLY GRANTED  12-1208 CFX UBS FINANCIAL SERVICES V. UNION DE EMPLEADOS DE MUELLES     Court: USCA-1    Granted: 6/24/13  Date: 8/26/13     R e s u l t : DISMISSED – Rule 46  12-7892 CFX BURNSIDE V. WALTERS  Court: USCA-6 Granted: 5/13/13     Order: 6/3/13     R e s u l t : VACATED AND REMANDED  No. of Cases made available for Argument (Hours): 84 (75)   No. of Cases Argued (Hours): 79 (70)   No. of Cases Disposed of (Hours): 84 (75)   DISPOSED OF WITH ARGUMENT:  By Signed Opinion/Judgment – 77 (68) By Per Curiam Opinion – Dismissed/Other – 2 (2; per curiams)   DISPOSED OF WITHOUT ARGUMENT:  By Signed Opinion/Judgment -   By Per Curiam Opinion – Dismissed/Other – 5 (5)  No. of Opinions: 69 (Signed – 67; Per Curiam – 2)  NOTE:   *Unanimous Court/ **Unanimous Court in Part/ #Unanimous in Judgment,Oct-13,,,,
2013,CASE,CODE KEY,,,,,,Oct-13,,,,
"126, Orig.",,KANSAS V. NEBRASKA AND COLORADO,USCA-4,7/1/14,10/14/14,2/24/15,"Exceptions to Special Master’s Report overruled, and Master’s   recommendations adopted.  12-1226 CFX YOUNG V. UPS  Court: USCA-4     Argument Date: 12/3/14",Oct-14,,,,
13-433,CFX,INTEGRITY STAFFING SOLUTIONS V. BUSK,USCA-9 Granted: 3/3/14,3/3/14,10/8/14,12/9/14,REVERSED  13-435# CFX OMNICARE V. LABORERS DIST. COUNCIL CONSTR. INDUSTRY     PENSION FUND     Court: USCA-6    Granted: 3/3/14     Argument Date: 11/3/14   Decided: 3/24/15,Oct-14,,,,
13-550,CFX,TIBBLE V. EDISON INTERNATIONAL,USCA-9,10/2/14,2/24/15,5/18/15,VACATED AND REMANDED  13-553 CFX ALABAMA DEPT. OF REVENUE V. CSX TRANSPORTATION     Court: USCA-11    Granted: 7/1/14     Argument Date: 12/9/14   Decided: 3/4/15,Oct-14,,,,
13-720,CFX,"KIMBLE V. MARVEL ENTERTAINMENT, LLC",USCA-9 Granted: 12/12/14,12/12/14,3/31/15,6/22/15,"AFFIRMED  13-854 CFX TEVA PHARMACEUTICALS USA, INC. V. SANDOZ, INC.    Court: USCA-Fed.    Granted: 3/31/14     Argument Date: 10/15/14   Decided: 1/20/15",Oct-14,,,,
13-975,CFX,"T-MOBILE SOUTH, LLC V. CITY OF ROSWELL",USCA-11 Granted: 5/5/14,5/5/14,11/10/14,1/14/15,REVERSED AND REMANDED  13-983 CFY ELONIS V. UNITED STATES  Court: USCA-3     Argument Date: 12/1/14,Oct-14,,,,
13-1074,CFX,UNITED STATES V. WONG,USCA-DC Granted: 6/16/14,6/16/14,12/1/14,3/9/15,REVERSED  13-1074 CFX UNITED STATES V. WONG  Court: USCA-9 Granted: 6/30/14  Argument Date: 12/10/14 Decided: 4/22/15,Oct-14,,,,
13-1211,CFX,"HANA FINANCIAL, INC. V. HANA BANK",USCA-9,6/23/14,12/3/14,1/21/15,"AFFIRMED  Granted: 6/23/14    Decided: 1/21/15  13-1314 ATX AZ STATE LEGISLATURE V. AZ INDEP. REDISTRICTING   Court: USDC, Ariz. Juris Postponed:  10/2/14  Argument Date: 3/2/15 Decided: 6/29/15",Oct-14,,,,
13-1412,CFX,SAN FRANCISCO V. SHEEHAN,USCA-9 Granted: 11/25/14 (SB – no part),11/25/14,3/23/15,5/18/15,"CERTIORARI DISMISSED IN PART; REVERSED IN PART AND     R E M A N D E D (SB – no part)  13-1421)**#  14-163 )  CFX  CFX  BANK OF AMERICA, N.A. V. CAULKETT  BANK OF AMERICA, N.A. V. TOLEDO-CARDONA     Court: USCA-11    Granted: 11/17/14     Argument Date: 3/24/15   Decided: 6/1/15",Oct-14,,,,
13-6827,CFX,"HOLT V. HOBBS, DIR., AR DOC",USCA-8,3/3/14,10/7/14,1/20/15,"REVERSED AND REMANDED  13-7211 CFH JENNINGS V. STEPHENS, DIR., TX DCJ    Court: USCA-5    Granted: 3/24/14     Argument Date: 10/15/14   Decided: 1/14/15",Oct-14,,,,
14-86,CFX,EEOC V. ABERCROMBIE & FITCH STORES,USCA-DC,11/25/14,3/25/15,6/29/15,REVERSED AND REMANDED  14-86 CFX EEOC V. ABERCROMBIE & FITCH STORES    Court: USCA-10    Granted: 10/2/14     Argument Date: 2/25/15   Decided: 6/1/15,Oct-14,,,,
14-185,CFX,"MATA V. LYNCH, ATT’Y GEN.",USCA-5 Granted: 1/16/15,1/16/15,4/29/15,6/15/15,REVERSED AND REMANDED  14-275 CFX HORNE V. DEPT. OF AGRICULTURE     Court: USCA-9    Granted: 1/16/15     Argument Date: 4/22/15   Decided: 6/22/15,Oct-14,,,,
14-7955,CFX,GLOSSIP V. GROSS,USCA-10,1/23/15,4/29/15,6/29/15,AFFIRMED     Granted: 1/23/15    Decided: 6/29/15,Oct-14,,,,
13-100,CSX,),,,,,,Oct-14,,,,
13-1067,CFX,OBB PERSONENVERKEHR AG V. SACHS,USCA-9,1/23/15,10/5/15,12/1/15,"REVERSED  13-1339 CFX SPOKEO, INC. V. ROBINS  Court: USCA-9 Granted: 4/27/15     Argument Date: 11/2/15   Decided: 5/16/16",Oct-15,,,,
14-361,CFY,OCASIO V. UNITED STATES,USCA-4,3/2/15,10/6/15,5/2/16,AFFIRMED  14-419 CFX LUIS V. UNITED STATES     Court: USCA-11    Granted: 6/8/15     Argument Date: 11/10/15   Decided: 3/30/16,Oct-15,,,,
14-520,CFX,HAWKINS V. COMMUNITY BANK OF RAYMORE,USCA-8,3/2/15,10/5/15,3/22/16,"JUDGMENT AFFIRMED (by an equally divided Court)  14-613 CFX GREEN V. BRENNAN, POSTMASTER GEN.  Court: USCA-10 Granted: 4/27/15  Argument Date: 11/30/15 Decided: 5/23/16",Oct-15,,,,
14-844,CFX,BRUCE V. SAMUELS,USCA-DC,6/15/15,11/4/15,1/12/16,AFFIRMED  14-857 CFX CAMPBELL-EWALD CO. V. GOMEZ     Court: USCA-9    Granted: 5/18/15     Argument Date: 10/14/15   Decided: 1/20/16,Oct-15,,,,
14-990,CFX,"SHAPIRO V. MCMANUS, CHAIRMAN, MD STATE BD. OF ELECTIONS",USCA-4 Granted: 6/8/15,6/8/15,11/4/15,12/8/15,REVERSED AND REMANDED  14-1095* CFY MUSACCHIO V. UNITED STATES  Court: USCA-5     Argument Date: 11/30/15,Oct-15,,,,
14-1209,CFX,STURGEON V. FROST,USCA-9,10/1/15,1/20/16,3/22/16,VACATED AND REMANDED  14-1280 CFX HEFFERNAN V. CITY OF PATERSON     Court: USCA-3    Granted: 10/1/15     Argument Date: 1/19/16   Decided: 4/26/16,Oct-15,,,,
14-1457,CSY,BETTERMAN V. MONTANA,SC-MT,11/6/15,3/23/16,5/16/16,VACATED AND REMANDED  14-1457* CSY BETTERMAN V. MONTANA  Court: SC-MT    Argument Date: 3/28/16,Oct-15,,,,
14-6166,CFY,TAYLOR V. UNITED STATES,USCA-4,10/1/15,2/23/16,6/20/16,AFFIRMED  Granted: 10/1/15    Decided: 6/20/16,Oct-15,,,,
15-7,CFX,UNIVERSAL HEALTH SERVICES V. ESCOBAR,USCA-1 Granted: 12/4/15,12/4/15,4/19/16,6/16/16,VACATED AND REMANDED  15-108 CSY PUERTO RICO V. SANCHEZ VALLE     Court: SC-PR     Granted: 10/1/15     Argument Date: 1/13/16   Decided: 6/9/16,Oct-15,,,,
15-274,CFX,"WHOLE WOMAN’S HEALTH V. HELLERSTEDT, COMM’R, TX DHS",USCA-5,11/13/15,3/2/16,6/27/16,REVERSED AND REMANDED  15-290# CFX UNITED STATES ARMY CORPS OF ENGINEERS V. HAWKES CO.  Court: USCA-8 Granted: 12/11/15     Argument Date: 3/30/16   Decided: 5/31/16,Oct-15,,,,
15-420,CFY,UNITED STATES V. BRYANT,USCA-9 Granted: 12/14/15,12/14/15,4/19/16,6/13/16,REVERSED AND REMANDED  15-446** CFX CUOZZO SPEED TECHNOLOGIES V. LEE     Court: USCA-Fed.    Granted: 1/15/16     Argument Date: 4/25/16   Decided: 6/20/16,Oct-15,,,,
15-5238,CFY,NICHOLS V. UNITED STATES,USCA-10,11/6/15,3/1/16,4/4/16,REVERSED     Granted: 11/6/15    Decided: 4/4/16  15-6092 CFY MATHIS V. UNITED STATES     Court: USCA-8  Argument Date: 4/26/16,Oct-15,,,,
2015,CASE,CODE KEY,,,,,,Oct-15,,,,
14-1055,CFX,LIGHTFOOT V. CENDANT MORTGAGE CORP.,USCA-9 Granted: 6/28/16,6/28/16,11/8/16,1/18/17,REVERSED  14-1538# CFX LIFE TECHNOLOGIES CORP. V. PROMEGA CORP.  Court: USCA-Fed. Granted: 6/27/16     Argument Date: 12/6/16   Decided: 2/22/17,Oct-16,,,,
15-457,CFX,MICROSOFT CORP. V. BAKER,USCA-9,1/15/16,3/21/17,6/12/17,REVERSED AND REMANDED (NMG – no part)  15-497# CFX FRY V. NAPOLEON COMMUNITY SCHOOLS     Court: USCA-6    Granted: 6/28/16     Argument Date: 10/31/16   Decided: 2/22/17,Oct-16,,,,
15-628,CFY,SALMAN V. UNITED STATES,USCA-9,1/19/16,10/5/16,12/6/16,AFFIRMED  15-649 CFX CZYZEWSKI V. JEVIC HOLDING CORP.  Court: USCA-3 Granted: 6/28/16     Argument Date: 12/7/16   Decided: 3/22/17,Oct-16,,,,
15-866,CFX,"STAR ATHLETICA, L.L.C. V. VARSITY BRANDS, INC.",USCA-6 Granted: 5/2/16,5/2/16,10/31/16,3/22/17,AFFIRMED  15-927 CFX SCA HYGIENE PRODUCTS V. FIRST QUALITY BABY PRODUCTS  Court: USCA-Fed. Granted: 5/2/16     Argument Date: 11/1/16   Decided: 3/21/17,Oct-16,,,,
15-1191,CFX,"SESSIONS, ATT’Y GEN. V. MORALES-SANTANA",USCA-2,6/28/16,11/9/16,6/12/17,"AFFIRMED IN PART, REVERSED IN PART, AND REMANDED  (NMG – no part)  15-1194# CSY PACKINGHAM v. NORTH CAROLINA     Court: SC-NC     Granted: 10/28/16     Argument Date: 2/27/17   Decided: 6/19/17",Oct-16,,,,
15-1293,CFX,"MATAL, INTERIM DIR., U.S. PATENT & TRADEMARK OFFICE V. TAM",USCA-Fed. Granted: 9/29/16,9/29/16,1/18/17,6/19/17,AFFIRMED (NMG – no part)  15-1358)  15-1359)  15-1363)  CFX  CFX  CFX  ZIGLAR V. ABBASI  ASHCROFT V. ABBASI  HASTY V. ABBASI  Court: USCA-2 Granted: 10/11/16 (SS & EK – no part)     Argument Date: 1/18/17   Decided: 6/19/17,Oct-16,,,,
15-5991,CFY,SHAW V. UNITED STATES,USCA-9,4/25/16,10/4/16,12/12/16,VACATED AND REMANDED     Granted: 4/25/16    Decided: 12/12/16  15-7250 CFY MANRIQUE V. UNITED STATES     Court: USCA-11     Argument Date: 10/11/16,Oct-16,,,,
16-54,CFX,"ESQUIVEL-QUINTANA V. SESSIONS, ATT’Y GEN.",USCA-6,10/28/16,2/27/17,5/30/17,REVERSED (NMG – no part)  16-74 ) 1*  16-86 ) 2*  16-258)3*  CFX  CFX  CFX  ADVOCATE HEALTH CARE NETWORK V. STAPLETON  SAINT PETER’S HEALTHCARE SYSTEM V. KAPLAN  DIGNITY HEALTH V. ROLLINS  Court:  1USCA-7; 2USCA-3; 3USCA-9 Granted: 12/2/16     Argument Date: 3/27/17   Decided: 6/5/17,Oct-16,,,,
16-309,CFY,MASLENJAK V. UNITED STATES,USCA-6 Granted: 1/13/17,1/13/17,4/26/17,6/22/17,VACATED AND REMANDED  16-327 CFH LEE V. UNITED STATES  Court: USCA-6 Granted: 12/14/16     Argument Date: 3/28/17   Decided: 6/23/17,Oct-16,,,,
16-373,CFX,CALIFORNIA PUBLIC EMPLOYEES’ RETIREMENT SYS. V. ANZ SECURITIES,USCA-2,1/13/17,4/17/17,6/26/17,AFFIRMED  16-399 CFX PERRY V. MERIT SYSTEMS PROTECTION BD.     Court: USCA-DC    Granted: 1/13/17     Argument Date: 4/17/17   Decided: 6/23/17,Oct-16,,,,
16-5294,CFH,"McWILLIAMS V. DUNN, COMM’R, ALABAMA DOC",USCA-11,1/13/17,4/24/17,6/19/17,"REVERSED AND REMANDED  16-6219 CFH DAVILA V. DAVIS, DIR., TX DOCJ    Court: USCA-5     Argument Date: 4/24/17",Oct-16,,,,
15-1498,CFX,"SESSIONS, ATT’Y GEN. V. DIMAYA",USCA-9,9/29/16,1/17/17,,VACATED AND REMANDED  No. of Cases (No. of Arguments) made available: 76 (67)   No. of Cases (No. of Arguments) Argued:  71 (64)   No. of Cases (No. of Arguments) Disposed of*: 74 (65);  *Note: 2 Cases (2 Arguments) restored to the calendar for reargument in October Term 2017.   DISPOSED OF WITH ARGUMENT:  By Signed Opinion/Judgment – 68 (61) By Per Curiam Opinion – 1 (1) Dismissed/Other –  DISPOSED OF WITHOUT ARGUMENT:  By Signed Opinion/Judgment -   By Per Curiam Opinion – Dismissed/Other – 5 (3)  No. of Opinions:  62 (Signed – 61; Per Curiam Opinion –1)  CASE CODE KEY   First Letter = Jurisdictional  Grounds  (ex. 13-100 CSX)  C - Certiorari  A - Appeal  Q - Certified Question   Second Letter =  Court Below (ex. 13-100  CSX)  S - State  F - U.S. Court of Appeals  T - Three-Judge District Court  M - U.S. Court of Appeals for the Armed Forces  O - Other Court   Third Letter  = Nature of Case  (ex. 13-100  CSX )  X - Civil  Y  - Criminal  H - Habeas Corpus or other collateral attack  NOTE:   *Unanimous Court/ **Unanimous Court in Part/ #Unanimous in Judgment,Oct-16,,,,
"142, Orig.",,FLORIDA V. GEORGIA,USCA-9 Granted: 6/20/16,6/20/16,1/8/18,3/5/18,"United States’s exception sustained; all other exceptions overruled;  and case remanded  142, Orig. FLORIDA V. GEORGIA  Order: 10/10/17 – Set for oral argument in due course    Argument Date: 1/8/18   Decided: 6/27/18",Oct-17,,,,
2017,CASES,FOR ARGUMENT,USCA-9,9/29/16,1/17/17,4/17/18,AFFIRMED  15-1509* CFX U.S. BANK NATIONAL ASSN. V. VILLAGE AT LAKERIDGE     Court: USCA-9    Granted: 3/27/17     Argument Date: 10/31/17   Decided: 3/5/18,Oct-17,,,,
2017,CASES,FOR ARGUMENT,USCA-DC,2/21/17,10/4/17,2/21/18,"REVERSED AND REMANDED  16-460 CSX ARTIS V. DISTRICT OF COLUMBIA  Court: DC, Crt of App. Granted: 2/27/17     Argument Date: 11/1/17   Decided: 1/22/18",Oct-17,,,,
2017,CASES,FOR ARGUMENT,USCA-7,2/27/17,10/10/17,11/8/17,VACATED AND REMANDED  16-712 CFX OIL STATES ENERGY SERVICES V. GREENE’S ENERGY GROUP     Court: USCA- Fed.    Granted: 6/12/17     Argument Date: 11/27/17   Decided: 4/24/18,Oct-17,,,,
2017,CASES,FOR ARGUMENT,USCA-Fed. Granted: 1/12/18 (SAA – no part),1/12/18,4/16/18,6/22/18,REVERSED AND REMANDED  16-1027 CSY COLLINS V. VIRGINIA  Court: SC-VA     Argument Date: 1/9/18,Oct-17,,,,
2017,CASES,FOR ARGUMENT,USCA-11 Granted: 1/12/18,1/12/18,4/17/18,6/4/18,"AFFIRMED  16-1220* CFX ANIMAL SCIENCE PRODUCTS, INC. V. HEBEI WELCOME      PHARMACEUTICAL CO.    Court: USCA-2    Granted: 1/12/18     Argument Date: 4/24/18   Decided: 6/14/18",Oct-17,,,,
2017,CASES,FOR ARGUMENT,USCA-8,12/8/17,3/19/18,6/11/18,REVERSED AND REMANDED  16-1435 CFX MINNESOTA VOTERS ALLIANCE V. MANSKY     Court: USCA-8    Granted: 11/13/17     Argument Date: 2/28/18   Decided: 6/14/18,Oct-17,,,,
2017,CASES,FOR ARGUMENT,SC-LA,9/28/17,1/17/18,5/14/18,REVERSED AND REMANDED  16-9493 CFY ROSALES-MIRELES V. UNITED STATES     Court: USCA-5    Granted: 9/28/17     Argument Date: 2/21/18   Decided: 6/18/18,Oct-17,,,,
2017,CASES,FOR ARGUMENT,USCA-9,1/12/18,4/18/18,6/11/18,AFFIRMED by an equally divided Court (AMK – no part)  17-312* CFY UNITED STATES V. SANCHEZ-GOMEZ    Court: USCA-9    Granted: 12/8/17     Argument Date: 3/26/18   Decided: 5/14/18,Oct-17,,,,
2017,CASES,FOR ARGUMENT,USCA-7 Granted: 1/12/18,1/12/18,4/16/18,6/21/18,"REVERSED AND REMANDED  17-586) 1  17-626)2  ATX  ATX  ABBOTT, GOV. OF TX V. PEREZ  ABBOTT, GOV. OF TX V. PEREZ  Court: USDC-W. Dist., TX Juris Postponed: 1/12/18    Argument Date: 4/24/18   Decided: 6/25/18",Oct-17,,,,
2017,CASES,FOR ARGUMENT,USCA-2 Granted: 3/27/17,3/27/17,1/16/18,6/22/18,PETITION DISMISSED – Rule 46  16-961 CMY DALMAZZI V. UNITED STATES     Court: USCA-Armed Forces    Granted: 9/28/17  Argument Date: 1/16/18 (w/16-1017 & 16-1423) Decided: 6/22/18,Oct-17,,,,
2017,CASES,FOR ARGUMENT,USCA-9,12/1/17,,,PETITION DISMISSED – Rule 46  Cases (Arguments) Made Available: 74 (67)  Cases (Arguments) Disposed of Without Argument: 5 (4 Available Arguments)    - BY SIGNED OPINION/JUDGMENT:  - BY PER CURIAM OPINION:  - DISMISSED/,Oct-17,,,,
16-1094,CFX,REPUBLIC OF SUDAN V. HARRISON,USCA-2,6/25/18,11/7/18,3/26/19,REVERSED AND REMANDED,Oct-18,16-1094,SUDAN V. HARRISON,802 F.3d 399,14-121-cv
16-1275,CFX,"VIRGINIA URANIUM, INC. V. WARREN",USCA-4,5/21/18,11/5/18,6/17/19,AFFIRMED,Oct-18,16-1275,"VIRGINIA URANIUM, INC. V. WARREN",848 F.3d 590,16-1005
16-1363,CFX,NIELSEN V. PREAP,USCA-9,3/19/18,10/10/18,3/19/19,REVERSED AND REMANDED,Oct-18,16-1363,"NIELSEN, SECRETARY OF HOMELAND SECURITY V. PREAP",831 F.3d 1193,14-16326
16-1498,CSX,"WASHINGTON STATE DEPT. OF LICENSING V. COUGAR DEN, INC.",SC-WA,6/25/18,10/30/18,3/19/19,AFFIRMED,Oct-18,16-1498,"WASHINGTON DEPT. OF LICENSING V. COUGAR DEN, INC.",392 P.3d 1014,92289-6
17-71,CFX,WEYERHAEUSER CO. V. UNITED STATES FISH AND WILDLIFE SERVICE,USCA-5,1/22/18,10/1/18,11/27/18,VACATED AND REMANDED (BK – no part),Oct-18,17-71,WEYERHAUSER COMPANY V. FISH AND WILDLIFE SERVICE,827 F.3d 452,14-31008
17-204,CFX,APPLE INC. V. PEPPER,USCA-9,6/18/18,11/26/18,5/13/19,AFFIRMED,Oct-18,17-204,APPLE INC. V. PEPPER,846 F.3d 313,14-15000
17-290,CFX,MERCK SHARP & DOHME CORP. V. ALBRECHT,USCA-3,6/28/18,1/7/19,5/20/19,VACATED AND REMANDED,Oct-18,17-290,MERCK SHARP & DOHME CORP. V. ALBRECHT,852 F.3d 268,14-1900
17-340,CFX,NEW PRIME INC. V. OLIVEIRA,USCA-1,2/26/18,10/3/18,1/15/19,AFFIRMED (BK – no part),Oct-18,17-340,NEW PRIME INC. V. OLIVEIRA,857 F.3d 7,15-2364
17-419,CSX,DAWSON V. STEAGER,"SC Appeals, WV",6/25/18,12/3/18,2/20/19,REVERSED AND REMANDED,Oct-18,17-419,"DAWSON V. STEAGER, WV STATE TAX COMMISSIONER",2017 WL 2172006,16-0441
17-532,CSY,HERRERA V. WYOMING,"DC-WY, Sheridan Cty",6/28/18,1/8/19,5/20/19,VACATED AND REMANDED,Oct-18,17-532,HERRERA V. WYOMING,Unreported,2016-242
17-571,CFX,"FOURTH ESTATE PUB. BENEFIT CORP. V. WALL-STREET.COM, LLC",USCA-11,6/28/18,1/8/19,3/4/19,AFFIRMED,Oct-18,17-571,FOURTH ESTATE PUBLIC BENEFIT CORPORATION V. WALL-STREET.COM,856 F3d 1338,16-13726
17-587,CFX,MOUNT LEMMON FIRE DISTRICT V. GUIDO,USCA-9,2/26/18,10/1/18,11/6/18,AFFIRMED (BK – no part),Oct-18,17-587,MOUNT LEMMON FIRE DISTRICT V. GUIDO,859 F.3d 1168,15-15030
17-646,CFY,GAMBLE V. UNITED STATES,USCA-11,6/28/18,12/6/18,6/17/19,AFFIRMED,Oct-18,17-646,GAMBLE V. UNITED STATES,694 Fed Appx 750,16-16760
17-647,CFX,KNICK V. TOWNSHIP OF SCOTT,USCA-3,3/5/18,10/3/18,6/21/19,VACATED AND REMANDED,Oct-18,17-647,"KNICK V. SCOTT, PA",862 F.3d 310,16-3587
17-773,CFX,CULBERTSON V. BERRYHILL,USCA-11,5/21/18,11/7/18,1/8/19,REVERSED AND REMANDED,Oct-18,17-773,CULBERTSON V. BERRYHILL,861 F.3d 1197,16-14004
17-778,CFY,QUARLES V. UNITED STATES,USCA-6,1/11/19,4/24/19,6/10/19,AFFIRMED,Oct-18,17-778,QUARLES V. UNITED STATES,850 F. 3d 836,16-1690
17-949,CFX,STURGEON V. FROST,USCA-9,6/18/18,11/5/18,3/26/19,REVERSED AND REMANDED,Oct-18,17-949,STURGEON V. FROST,872 F.3d 927,13-36165
17-961,CFX,FRANK V. GAOS,USCA-9,4/30/18,10/31/18,3/20/19,VACATED AND REMANDED,Oct-18,17-961,FRANK V. GAOS,869 F.3d 737,15-15858
17-988,CFX,"LAMPS PLUS, INC. V. VARELA",USCA-9,4/30/18,10/29/18,4/24/19,REVERSED AND REMANDED,Oct-18,17-988,"LAMPS PLUS, INC. V. VARELA",701 F.Appx. 670,16-56085
17-1011,CFX,JAM V. INTERNATIONAL FINANCE CORP.,USCA-DC,5/21/18,10/31/18,2/27/19,REVERSED AND REMANDED (BK – no part),Oct-18,17-1011,JAM V. INTERNATIONAL FINANCE CORP.,860 F.3d 703,16-7051
17-1026,CSH,GARZA V. IDAHO,SC-ID,6/18/18,10/30/18,2/27/19,REVERSED AND REMANDED,Oct-18,17-1026,GARZA V. IDAHO,405 P.3d576,44991
17-1042,CFX,BNSF R. CO. V. LOOS,USCA-8,5/14/18,11/6/18,3/4/19,REVERSED AND REMANDED,Oct-18,17-1042,BNSF RAILWAY CO. V. LOOS,865 F.3d 1106,15-3355
17-1077,CFX,LORENZO V. SEC,USCA-DC,6/18/18,12/3/18,3/27/19,AFFIRMED (BK – no part),Oct-18,17-1077,LORENZO V. SECURITIES AND EXCHANGE COMMISSION,872 F3d 578,15-1202
17-1091,CSX,TIMBS V. INDIANA,SC-IN,6/18/18,11/28/18,2/20/19,VACATED AND REMANDED,Oct-18,17-1091,TIMBS V. INDIANA,84 N.E.3d 1179,27S04-1702-MI-70
17-1094,CFX,NUTRACEUTICAL CORP. V. LAMBERT,USCA-9,6/25/18,11/27/18,2/26/19,REVERSED AND REMANDED,Oct-18,17-1094,NUTRACEUTICAL CORP. V. LAMBERT,870 F.3d 1170,15-56423
17-1104,CFX,AIR AND LIQUID SYSTEMS CORP. V. DEVRIES,USCA-3,5/14/18,10/10/18,3/19/19,AFFIRMED,Oct-18,17-1104,AIR AND LIQUID SYSTEMS V. DEVRIES,873 F.3d 232,16-2602
17-1174,CFX,NIEVES V. BARTLETT,USCA-9,6/28/18,11/26/18,5/28/19,REVERSED AND REMANDED,Oct-18,17-1174,NIEVES V. BARTLETT,712 Fed.Appx. 613,16-35631
17-1184,CFX,BIESTEK V. BERRYHILL,USCA-6,6/25/18,12/4/18,4/1/19,AFFIRMED,Oct-18,17-1184,BIESTEK V. BERRYHILL,880 F.3d 778,17-1459
17-1201,CFX,THACKER V. TENNESSEE VALLEY AUTHORITY,USCA-11,9/27/18,1/14/19,4/29/19,REVERSED AND REMANDED,Oct-18,17-1201,THACKER V. TENNESSEE VALLEY AUTHORITY,868 F.3d 979,16-15105
17-1229,CFX,HELSINN HEALTHCARE S.A. V. TEVA PHARMACEUTICALS,USCA-Fed,6/25/18,12/4/18,1/22/19,AFFIRMED,Oct-18,17-1229,HELSINN HEALTHCARE V. TEVA PHARMACEUTICALS,855 F.3d 1356,2016-1284
17-1272,CFX,"HENRY SCHEIN, INC. V. ARCHER & WHITE SALES, INC.",USCA-5,6/25/18,10/29/18,1/8/19,VACATED AND REMANDED,Oct-18,17-1272,"HENRY SCHEIN, INC.  V. ARCHER AND WHITE SALES, INC.",878 F.3d 488,16-41674
17-1299,CSX,FRANCHISE TAX BD. OF CAL. V. HYATT,SC-NV,6/28/18,1/9/19,5/13/19,REVERSED AND REMANDED,Oct-18,17-1299,CA FRANCHISE TAX BOARD V. HYATT,407 P.3d 717,53264
17-1307,CFX,OBDUSKEY V. MCCARTHY & HOLTHUS LLP,USCA-10,6/28/18,1/7/19,3/20/19,AFFIRMED,Oct-18,17-1307,OBDUSKEY V. McCARTHY & HOLTHUS LLP,879 F.3d 1216,16-1330
17-1471,CFX,"HOME DEPOT U. S. A., INC. V. JACKSON",USCA-4,9/27/18,1/15/19,5/28/19,AFFIRMED,Oct-18,17-1471,"HOME DEPOT U.S.A., INC.  V. JACKSON",880 F.3d 165,17-1627
17-1484,CFX,AZAR V. ALLINA HEALTH SERVICES,USCA-DC,9/27/18,1/15/19,6/3/19,AFFIRMED (BK – no part),Oct-18,17-1484,"AZAR, SECRETARY OF HEALTH & HUMAN SERVICES V. ALLINA HEALTH",863 F.3d 937,16-5255
17-1594,CFX,"RETURN MAIL, INC. V. POSTAL SERVICE",USCA-Fed,10/26/18,2/19/19,6/10/19,REVERSED AND REMANDED,Oct-18,17-1594,"RETURN MAIL, INC. V. UNITED STATES POSTAL SERVICE",868 F3d 1350,2016-1502
17-1606,CFX,SMITH V. BERRYHILL,USCA-6,11/2/18,3/18/19,5/28/19,REVERSED AND REMANDED,Oct-18,17-1606,SMITH V. BERRYHILL,880 F.3d 813,17-5809
17-1625,CFX,"RIMINI STREET, INC. V. ORACLE USA, INC.",USCA-9,9/27/18,1/14/19,3/4/19,REVERSED IN PART AND REMANDED,Oct-18,17-1625,"RIMINI STREET, INC. V. ORACLE USA INC.",879 F.3d 948,16-16832
17-1657,CFX,"MISSION PRODUCT HOLDINGS, INC. V. TEMPNOLOGY, LLC",USCA-1,10/26/18,2/20/19,5/20/19,REVERSED AND REMANDED,Oct-18,17-1657,"MISSION PRODUCT HOLDINGS, INC. V. TEMPNOLOGY, LLC",879 F. 3d 389,16-9016
17-1672,CFY,UNITED STATES V. HAYMOND,USCA-10,10/26/18,2/26/19,6/26/19,VACATED AND REMANDED,Oct-18,17-1672,UNITED STATES V. HAYMOND,869 F .3d 1153,16-5156
17-1702,CFX,MANHATTAN COMMUNITY ACCESS CORP. V. HALLECK,USCA-2,10/12/18,2/25/19,6/17/19,REVERSED IN PART AND REMANDED,Oct-18,17-1702,MANHATTAN COMMUNITY ACCESS V. HALLECK,882 F.3d 300,16-4155
17-1705,CFX,"PDR NETWORK, LLC V. CARLTON & HARRIS CHIROPRACTIC, INC.",USCA-4,11/13/18,3/25/19,6/20/19,VACATED AND REMANDED,Oct-18,17-1705,"PDR NETWORK, LLC V. CARLTON & HARRIS CHIROPRACTIC",883 F. 3d 459,16-2185
17-5554,CFY,STOKELING V. UNITED STATES,USCA-11,4/2/18,10/9/18,1/15/19,AFFIRMED,Oct-18,17-5554,STOKELING V. UNITED STATES,684 Fed.Appx. 870,16-12951
17-6086,CFY,GUNDY V. UNITED STATES,USCA-2,3/5/18,10/2/18,6/20/19,AFFIRMED (BK – no part),Oct-18,17-6086,GUNDY V. UNITED STATES,695 Fed.Appx. 639,16-1829
17-7505,CSX,MADISON V. ALABAMA,"Cir. Crt. AL, Mobile Cty",2/26/18,10/2/18,2/27/19,VACATED AND REMANDED (BK – no part),Oct-18,17-7505,MADISON V. ALABAMA,cc-1985-001385.80,CC-1985-001385.80
17-8151,CFX,BUCKLEW V. PRECYTHE,USCA-8,4/30/18,11/6/18,4/1/19,AFFIRMED,Oct-18,17-8151,BUCKLEW V. PRECYTHE,883 F.3d 1087,17-3052
17-8995,CFY,MONT V. UNITED STATES,USCA-6,11/2/18,2/26/19,6/3/19,AFFIRMED,Oct-18,17-8995,MONT V. UNITED STATES,723 Fed.Appx. 325,17-3732
17-9560,CFY,REHAIF V. UNITED STATES,USCA-11,1/11/19,4/23/19,6/21/19,REVERSED AND REMANDED,Oct-18,17-9560,REHAIF V. UNITED STATES,888 F.3d 1138,16-15860-AA
17-9572,CSH,FLOWERS V. MISSISSIPPI,SC-MS,11/2/18,3/20/19,6/21/19,REVERSED AND REMANDED,Oct-18,17-9572,FLOWERS V. MISSISSIPPI,240 So.3d 1082,2010-DP-01348-SCT
18-15,CFX,KISOR V. WILKIE,USCA-Fed,12/10/18,3/27/19,6/26/19,VACATED AND REMANDED,Oct-18,18-15,"KISOR V. WILKIE, SECRETARY OF VETERANS AFFAIRS",869 F.3d 1360,16-1929
18-96,CFX,TENNESSEE WINE AND SPIRITS RETAILERS ASSN V. THOMAS,USCA-6,9/27/18,1/16/19,6/26/19,AFFIRMED,Oct-18,18-96,TENNESSEE WINE & SPIRITS RETAILERS ASSOCIATION V. BLAIR,883 F.3d 608,17-5552
18-266,CFX,DUTRA GROUP V. BATTERTON,USCA-9,12/7/18,3/25/19,6/24/19,REVERSED AND REMANDED,Oct-18,18-266,THE DUTRA GROUP V. BATTERTON,880 F.3d 1089,15-56775
18-281,ATX,VIRGINIA HOUSE OF DELEGATES V. BETHUNE-HILL,"USDC-E. Dist., VA",,3/18/19,6/17/19,APPEAL DISMISSED,Oct-18,18-281,VIRGINIA HOUSE OF DELEGATES V. GOLDEN BETHUNE-HILL,326 F.Supp.3d 128,3
18-302,CFX,IANCU V. BRUNETTI,USCA-Fed,1/4/19,4/15/19,6/24/19,AFFIRMED,Oct-18,18-302,IANCU V. BRUNETTI,877 F.3d 1330,2015-1109
18-315,CFX,"COCHISE CONSULTANCY, INC. V. UNITED STATES EX REL. HUNT",USCA-11,11/16/18,3/19/19,5/13/19,AFFIRMED,Oct-18,18-315,COCHISE CONSULTANCY V. UNITED STATES,887 F.3d 1081,16-12836
18-389,CFX,"PARKER DRILLING MANAGEMENT SERVICES, LTD. V. NEWTON",USCA-9,1/11/19,4/16/19,6/10/19,VACATED AND REMANDED,Oct-18,18-389,"PARKER DRILLING MANAGEMENT SERVICES, LTD. V. NEWTON",881 F.3d 1078,15-56352
18-422,ATX,RUCHO V. COMMON CAUSE,"USDC-Middle Dist., NC",,3/26/19,6/27/19,,Oct-18,18-422,RUCHO V. COMMON CAUSE,318 F.Supp.3d 777,1
18-431,CFY,UNITED STATES V. DAVIS,USCA-5,1/4/19,4/17/19,6/24/19,"AFFIRMED IN PART, VACATED IN PART, AND REMANDED",Oct-18,18-431,UNITED STATES V. DAVIS,903 F.3d 483,16-10330
18-457,CSX,NORTH CAROLINA DEPT. OF REVENUE V. KIMBERLEY RICE KAESTNER 1992,SC-NC,1/11/19,4/16/19,6/21/19,AFFIRMED,Oct-18,18-457,NORTH CAROLINA DEPT. OF REVENUE V. KAESTNER FAMILY TRUST,814 SE.2d 43,307PA15-2
18-459,CFX,EMULEX CORP. V. VARJABEDIAN,USCA-9,1/4/19,4/15/19,4/23/19,DISMISSED AS IMPROVIDENTLY GRANTED,Oct-18,18-459,EMULEX CORP. V. VARJABEDIAN,888 F.3d 399,16-55088
18-481,CFX,FOOD MARKETING INSTITUTE V. ARGUS LEADER MEDIA,USCA-8,1/11/19,4/22/19,6/24/19,REVERSED AND REMANDED,Oct-18,18-481,FOOD MARKETING INSTITUTE V. ARGUS LEADER MEDIA,889 F3d. 914,17-1346
18-485,CFX,MCDONOUGH V. SMITH,USCA-2,1/11/19,4/17/19,6/20/19,REVERSED AND REMANDED,Oct-18,18-485,McDONOUGH V. SMITH,898 F.3d 259,17-296
18-489,CFX,TAGGART V. LORENZEN,USCA-9,1/4/19,4/24/19,6/3/19,VACATED AND REMANDED,Oct-18,18-489,TAGGART V. LORENZEN,888 F.3d 438,16-35402
18-525,CFX,FORT BEND COUNTY V. DAVIS,USCA-5,1/11/19,4/22/19,6/3/19,AFFIRMED,Oct-18,18-525,"FORT BEND COUNTY, TX V. DAVIS",893 F.3d 300,16-20640
18-726,ATX,LAMONE V. BENISEK,USDC-Dist. of MD,,3/26/19,6/27/19,See No. 18-422,Oct-18,18-726,LAMONE V. BENISEK,2018 WL 5816831,1
18-966,CFX,DEPTARTMENT OF COMMERCE V. NEW YORK,USCA-2,2/15/19,4/23/19,6/27/19,"AFFIRMED IN PART, REVERSED IN PART, AND REMANDED",Oct-18,18-966,DEPARTMENT OF COMMERCE V. NEW YORK,2019 WL 190285,19-212
18-6210,CSY,MITCHELL V. WISCONSIN,SC-WI,1/11/19,4/23/19,6/27/19,VACATED AND REMANDED,Oct-18,18-6210,MITCHELL V. WISCONSIN,914 N.W.2d 151,2015AP304
17-1107,CFH,CARPENTER V. MURPHY,USCA-10,5/21/18,11/27/18,,,Oct-18,17-1107,SHARP V. MURPHY,875 F.3d 896,07-7068
17-1679,CFX,GRAY V. WILKIE,USCA-Fed,11/2/18,,6/24/19,VACATED AND REMANDED TO DISMISS AS MOOT,Oct-18,17-1679,GRAY V. WILKIE,875 F.3d 1102,2016-1782
18-557,CFX,DEPT. OF COMMERCE V. USDC S. DISTRICT NY,USCA-2,11/16/18,,,REMANDED with instructions to VACATE 9/25/18 & 10/9/18 orders,Oct-18,18-557,IN RE DEPARTMENT OF COMMERCE V.,MULTIPLE,18-2856
2019,CASES,FOR ARGUMENT,SC-KS,3/18/19,10/16/19,3/3/20,REVERSED AND REMANDED      Granted: 3/18/19   Decided: 3/3/20,Oct-19,,,,
2019,CASES,FOR ARGUMENT,USCA-9,2/19/19,11/6/19,4/23/20,VACATED AND REMANDED  Granted:  2/19/19  Decided:  4/23/20,Oct-19,,,,
2019,CASES,FOR ARGUMENT,USCA-11,4/22/19,11/4/19,4/23/20,AFFIRMED     Granted: 4/22/19   Decided: 4/23/20,Oct-19,,,,
2019,CASES,FOR ARGUMENT,USCA-6,5/20/19,11/13/19,1/14/20,"AFFIRMED      Granted: 5/20/19   Decided: 1/14/20 18-1023)  18-1028)  18-1038)  CFX  CFX  CFX  MAINE COMMUNITY HEALTH OPTIONS V. UNITED STATES  MODA HEALTH PLAN, INC. V. UNITED STATES  LAND OF LINCOLN MUTUAL HEALTH V. UNITED STATES  Court:  USCA-Fed. Granted:  6/24/19    Argument Date: 12/10/19   Decided: 4/27/20",Oct-19,,,,
2019,CASES,FOR ARGUMENT,USCA-11 Granted:,6/24/19,12/2/19,4/27/20,AFFIRMED  18-1165 CFX RETIREMENT PLANS COMM. OF IBM V. JANDER  Court: USCA-2     Granted: 6/3/19    Argument Date: 11/6/19   Decided: 1/14/20,Oct-19,,,,
2019,CASES,FOR ARGUMENT,USCA-1,6/20/19,10/15/19,6/1/20,REVERSED AND REMANDED  18-1432 CFX NASRALLAH V. BARR  Court:  USCA-11     Argument Date: 3/2/20,Oct-19,,,,
2019,CASES,FOR ARGUMENT,USCA-11,6/28/19,1/21/20,2/26/20,AFFIRMED  Granted:  6/28/19   Decided: 2/26/20,Oct-19,,,,
2019,CASES,FOR ARGUMENT,USCA-9,10/4/19,2/25/20,5/7/20,VACATED AND REMANDED      Granted: 10/4/19   Decided: 5/7/20,Oct-19,,,,
2019,CASES,FOR ARGUMENT,SC-WA,1/17/20,4/28/20,7/6/20,AFFIRMED  19-518# CFX COLORADO DEPT. OF STATE V. BACA  Court:  USCA-10 Granted:  1/17/20  Order:  3/10/20 – no longer consolidated with No. 19-465 (SS – no part)     Argument Date: 4/28/20  Date: 4/3/20 – ARGUMENT POSTPONED;  4/13/20 – Reschedule for May 2020  Rescheduled Argument Date:  5/13/20 Decided:  7/6/20,Oct-19,,,,
"65, Orig.",,TEXAS V. NEW MEXICO,USCA-10 Granted:,5/21/18,4/21/20,7/9/20,"AFFIRMED (for the reasons stated in McGirt v. Oklahoma, ante, p. ___;  CT and SAA dissent; NMG – no part)  18-217  CFH MATHENA, WARDEN V. MALVO     Court: USCA-4    Argument Date: 10/16/19  Order:  2/26/20     R e s u l t : CASE DISMISSED – Rule 46.1      Granted: 3/18/19 18-540 CFX RUTLEDGE, ATT’Y GEN. OF AR V. PHARMACEUTICAL CARE MANAGEMENT ASSN.     Court: USCA-8     Granted: 1/10/20    Argument Date: 4/27/20  Date: 4/3/20 – Argument Postponed;  4/13/20 - Reschedule for 2020 Term  18-956 CFX GOOGLE LLC V. ORACLE AMERICA, INC.  Court:  USCA-Fed. Granted:  11/15/19    Argument Date: 3/24/20  Date: 3/16/20 – Argument Postponed;  4/13/20 - Reschedule for 2020 Term  19-71 CFX TANZIN V. TANVIR  Court: USCA-2       Granted: 11/22/19     Argument Date: 3/24/20  Date: 3/16/20 – Argument Postponed;  4/13/20 - Reschedule for 2020 Term  19-108)  19-184)  CMY  CMY  UNITED STATES V. BRIGGS  UNITED STATES V. COLLINS  Court:  USCA-AF Granted:  11/15/19    Argument Date: 3/23/20  Date: 3/16/20 – Argument Postponed; 4/13/20 - Reschedule for 2020 Term  19-292 CFX TORRES V. MADRID  Court:  USCA-10 Granted:  12/18/19    Argument Date: 3/30/20  Date: 3/16/20 – Argument Postponed;  4/13/20 - Reschedule for 2020 Term  - 10 -",Oct-19,,,,
2019,CASES,FOR ARGUMENT,USCA-3,12/6/19,3/25/20,,"CASE DISMISSED  19-438 CFH PEREIDA V. BARR, ATT’Y GEN.  Court: USCA-8     Granted: 12/18/19    Argument Date: 3/30/20  Date: 3/16/20 – Argument Postponed;  4/13/20 - Reschedule for 2020 Term  Cases (Arguments) Made Available: 86 (69) + 1 (1) for reargument from 2018 Term  Cases (Arguments) Disposed of Without Argument: 1 (1)  - B Y SIGNED OPINION/JUDGMENT:  - B Y PER CURIAM OPINION:  - D ISMISSED/",Oct-19,,,,
2019,CASES,FOR ARGUMENT,,,,,,Oct-19,,,,
"65, Orig.",,TEXAS V. NEW MEXICO,USCA-8,1/10/20,4/21/20,12/14/20,"MOTION DENIED (ACB – no part)  142, Orig. * FLORIDA V. GEORGIA  Order:  10/5/20 – Exceptions to Second Report of Special Master – Set for oral argument    Argument Date: 2/22/21   Decided: 4/1/21",Oct-20,,,,
2020,CASES,FOR ARGUMENT,USCA-2,11/22/19,3/24/20,12/10/20,AFFIRMED (ACB – no part)  19-108) *  19-184) *  CMY  CMY  UNITED STATES V. BRIGGS  UNITED STATES V. COLLINS  Court:  USCA-AF Granted:  11/15/19    Argument Date: 3/23/20  Date: 3/16/20 – Argument Postponed:  4/13/20 - Reschedule for 2020 Term  Rescheduled Argument Date:  10/13/20 Decided:  12/10/20,Oct-20,,,,
2020,CASES,FOR ARGUMENT,USCA-3,12/6/19,3/25/20,12/10/20,VACATED and REMANDED (ACB – no part)  19-351 * CFX FEDERAL REPUBLIC OF GERMANY V. PHILIPP     Court: USCA-DC     Argument Date: 12/7/20     A u t h o r : C h i e f J u s t i c e    Granted: 7/2/20   Decided: 2/3/21     R e s u l t : VACATED AND REMANDED  19-357 * CFX CHICAGO V. FULTON  Court: USCA-7     Granted: 12/18/19    Argument Date: 4/20/20  Date: 4/3/20 – Argument Postponed:  4/13/20 - Reschedule for 2020 Term  Rescheduled Argument Date:  10/13/20 Decided:  1/14/21,Oct-20,,,,
2020,CASES,FOR ARGUMENT,USCA-8,12/18/19,3/30/20,3/4/21,"AFFIRMED (ACB – no part)  19-508 * CFX AMG CAPITAL MGMT., LLC V. FTC  Courts:  USCA-9 Granted:  7/9/20  Order Date:  11/9/20 – No longer consolidated with No. 19-825      Argument Date: 1/13/21   Decided: 4/22/21",Oct-20,,,,
2020,CASES,FOR ARGUMENT,USCA-6 Argument Date:,6/8/20,11/9/20,4/29/21,REVERSED      Granted: 6/8/20  Decided:  4/29/21,Oct-20,,,,
2020,CASES,FOR ARGUMENT,USCA-3 Granted:,10/2/20,1/19/21,4/1/21,REVERSED  19-1257)  19-1258)  CFX  CFX  BRNOVICH V. DEMOCRATIC NATIONAL COMMITTEE  ARIZONA REPUBLICAN PARTY V. DEMOCRATIC NATIONAL COMMITTEE  Court: USCA-9     Granted: 10/2/20  Argument Date:  3/2/21 Decided:  7/1/21,Oct-20,,,,
2020,CASES,FOR ARGUMENT,USCA-5 Argument Date:,5/4/20,12/2/20,5/17/21,AFFIRMED      Granted: 5/4/20  Decided:  5/17/21,Oct-20,,,,
2020,CASES,FOR ARGUMENT,USCA-9,12/16/20,3/30/21,6/25/21,REVERSED AND REMANDED      Granted: 12/16/20   Decided: 6/25/21,Oct-20,,,,
2020,CASES,FOR ARGUMENT,USCA-4,1/8/21,4/20/21,6/14/21,"REVERSED - See Opinion Greer v. United States, No. 19-8709  20-472 CFX HOLLYFRONTIER CHEYENNE REFINING, LLC V. RENEWABLE FUELS ASSN.     Court: USCA-10    Granted: 1/8/21    Argument Date: 4/27/21   Decided: 6/25/21",Oct-20,,,,
2020,CASES,FOR ARGUMENT,USCA-5,6/15/20,12/8/20,1/25/21,"DISMISSED AS IMPROVIDENTLY GRANTED  19-1212 CFX MAYORKAS V. INNOVATION LAW LAB    Court: USCA-9     Granted: 10/19/20    Argument Date: 3/1/21  Order Date:  2/3/21 – Further briefing held in abeyance, and case removed from the       February 2021 argument calendar     Decided: 6/21/21    R e s u l t : VACATED AND REMANDED with instructions to direct the District Court to  vacate as moot the April 8, 2019 order granting preliminary injunction.  19-1328 CFX DEPT. OF JUSTICE V. HOUSE COMMITTEE ON THE JUDICIARY  Court:  USCA-DC Granted:  7/2/20    Argument Date: 12/2/20  Order Date:  11/20/20 – Removed from the December 2020 Argument Calendar     Decided: 7/2/21     R e s u l t : VACATED AND REMANDED with instructions to direct the District Court to  vacate the October 25, 2019 order granting Committee’s application.  20-37)  20-38)  CFX  CFX  BECERRA, SEC. OF H&HS V. GRESHAM  ARKANSAS V. GRESHAM  Court:  USCA-DC Granted:  12/4/20    Argument Date: 3/29/21  Date: 3/11/21 – Removed from calendar for March 2021 argument session  Order Date:  4/5/21 - Cases held in abeyance pending further order of Court.   20-138 CFX BIDEN, PRESIDENT OF U.S. V. SIERRA CLUB    Court: USCA-9     Granted: 10/19/20    Argument Date: 2/22/21  Order Date:  2/3/21 – Further briefing held in abeyance, and case removed from the       February 2021 argument calendar     Decided: 7/2/21     R e s u l t : VACATED AND REMANDED with instructions to direct the District Court to      vacate its judgments.  - 10 -",Oct-20,,,,
2020,CASES,FOR ARGUMENT,,,,,,Oct-20,,,,
2021,CASES,FOR ARGUMENT,USCA-5,8/23/21,10/4/21,11/22/21,"EXCEPTIONS OVERRULED IN PART AND SUSTAINED IN PART, AND CASE  DISMISSED  19-896 CFH JOHNSON V. ARTEAGA-MARTINEZ    Courts: USCA-3 Argument Date:  1/11/22",Oct-21,,,,
2021,CASES,FOR ARGUMENT,USCA-9,8/23/21,1/11/22,6/13/22,REVERSED AND REMANDED      Granted: 8/23/21   Decided: 6/13/22,Oct-21,,,,
2021,CASES,FOR ARGUMENT,USCA-2 Argument Date:,3/8/21,11/2/21,4/4/22,REVERSED AND REMANDED      Granted: 3/8/21  Decided:  4/4/22,Oct-21,,,,
2021,CASES,FOR ARGUMENT,USCA-9,6/1/21,11/8/21,2/24/22,VACATED AND REMANDED      Granted: 6/1/21   Decided: 2/24/22,Oct-21,,,,
2021,CASES,FOR ARGUMENT,USCA-5,5/17/21,11/2/21,3/31/22,REVERSED AND REMANDED      Granted: 5/17/21   Decided: 3/31/22,Oct-21,,,,
2021,CASES,FOR ARGUMENT,USCA-9,9/30/21,1/18/22,4/21/22,"VACATED AND REMANDED  20-1573 CSX VIKING RIVER CRUISES, INC. V. MORIANA  Court: CA-CA, 2 nd App. Dist.     Argument Date: 3/30/22",Oct-21,,,,
2021,CASES,FOR ARGUMENT,USDC-DC Juris Postponed:,11/5/21,1/19/22,5/16/21,REVERSED      Granted: 11/5/21    Decided: 6/8/22,Oct-21,,,,
2021,CASES,FOR ARGUMENT,USCA-9,1/10/22,4/18/22,6/21/22,REVERSED AND REMANDED      Granted: 1/10/22   Decided: 6/21/22 21-418 CFX KENNEDY V. BREMERTON SCHOOL DIST.  Court: USCA-9    Argument Date: 4/25/22,Oct-21,,,,
2021,CASES,FOR ARGUMENT,USCA-6,1/14/22,4/26/22,6/21/22,REVERSED AND REMANDED      Granted: 1/14/22   Decided: 6/21/22,Oct-21,,,,
2021,CASES,FOR ARGUMENT,USCA-2,2/22/21,10/5/21,6/15/22,"CASE DISMISSED – Rule 46  20-794 CFX SERVOTRONICS, INC. V. ROLLS-ROYCE PLC  Court: USCA-7 Granted: 3/22/21 (SAA – no part)    Argument Date: 10/5/21  Date: 9/8/21 – Removed from the October 2021 Argument Calendar     Order: 9/29/21    R e s u l t : CASE DISMISSED – Rule 46  20-1374 CFX CVS PHARMACY, INC. V. DOE    Court: USCA-9    Argument Date: 12/7/21     Order: 11/12/21     R e s u l t : CASE DISMISSED – Rule 46      Granted: 7/2/21 20-1541 CSX PIVOTAL SOFTWARE, INC. V. SUPERIOR COURT OF CALIFORNIA  Court: CA-CA, 1 st app. Dist. Granted:  7/2/21    Argument Date: 11/9/21  Date: 9/2/21 – Further briefing held in abeyance, and case removed from the        November 2021 argument calendar  20-1775# CFX ARIZONA V. CITY AND COUNTY OF SAN FRANCISCO  Court: USCA-9     Granted: 10/29/21    Argument Date: 2/23/22   Decided: 6/15/22",Oct-21,,,,
2021,CASES,FOR ARGUMENT,USCA-5,10/22/21,11/1/21,12/10/21,Writ of certiorari - DISMISSED AS IMPROVIDENTLY GRANTED;      Application to vacate stay – DENIED  Cases (Arguments) Made Available: 75 (67) ● + Applications 4 (2) = 79 (69)  Cases (Arguments) Disposed of Without Argument: 8 (5)  ●  - B Y SIGNED OPINION/JUDGMENT:  - B Y PER CURIAM OPINION:  - D ISMISSED: 6 (4)  - O THER: 2 (1)  Cases/Applications (Arguments) Argued: 70 (63)  Cases/Applications (Arguments) Disposed of With Argument: 70 (63)  - B Y SIGNED OPINION/JUDGMENT: 63 (58)  - B Y PER CURIAM OPINION: 6 (4)  - D ISMISSED IMPROVIDENTLY GRANTED/,Oct-21,,,,
2021,CASES,FOR ARGUMENT,,,,,,Oct-21,,,,
"156, Orig.",,*,,,2/27/23,4/18/23,New Jersey motion for judgment on pleadings – GRANTED;      New York cross-motion for judgment on pleadings – DENIED.,Oct-22,,,,
20-1199,CFX,"STUDENTS FOR FAIR ADMISSIONS, INC. V. PRESIDENT AND FELLOWS OF",USCA-1,1/24/22,10/31/22,6/29/23,"REVERSED (KBJ – no part as to No. 20-1199;  Opinion also for Students for Fair        Admissions, Inc. v. University of North Carolina, No. 21-707–Reversed)",Oct-22,20-1199,STUDENTS FOR FAIR ADMISSIONS V. PRESIDENT AND FELLOWS OF,980 F.3d 157,19-2005
21-442,CFX,REED V. GOERTZ,USCA-5,4/25/22,10/11/22,4/19/23,REVERSED,Oct-22,21-442,REED V. GOERTZ,995 F.3d 425,19-70022
21-468,CFX,NATIONAL PORK PRODUCERS COUNCIL V. ROSS,USCA-9,3/28/22,10/11/22,5/11/23,AFFIRMED,Oct-22,21-468,NATIONAL PORK PRODUCERS COUNCIL V. ROSS,6 F.4th 1021,20-55631
21-476,CFX,303 CREATIVE LLC V. ELENIS,USCA-10,2/22/22,12/5/22,6/30/23,REVERSED,Oct-22,21-476,303 CREATIVE LLC V. ELENIS,6 F.4th 1160,19-1413
21-707,CFX,STUDENTS FOR FAIR ADMISSIONS V. UNIVERSITY OF NORTH CAROLINA,USCA-4,1/24/22,10/31/22,6/29/23,"REVERSED - See opinion Students for Fair Admissions, Inc. v. President         and Fellows of Harvard College, No. 20-1199",Oct-22,21-707,STUDENTS FOR FAIR ADMISSIONS V. UNIVERSITY OF NORTH CAROLINA,1:14CV954,21-2263
21-806,CFX,HEALTH AND HOSPITAL CORPORATION OF MARION CTY. V. TALEVSKI,USCA-7,5/2/22,11/8/22,6/8/23,AFFIRMED,Oct-22,21-806,HEALTH AND HOSPITAL CORP. V. TALEVSKI,6 F.4th 713,20-1664
21-846,CSH,CRUZ V. ARIZONA,SC-AZ,3/28/22,11/1/22,2/22/23,VACATED AND REMANDED,Oct-22,21-846,CRUZ V. ARIZONA,487 P.3d 991,CR-17-0567-PC
21-857,CFH,JONES V. HENDRIX,USCA-8,5/16/22,11/1/22,6/22/23,AFFIRMED,Oct-22,21-857,JONES V. HENDRIX,8 F.4th 683,20-1286
21-869,CFX,"ANDY WARHOL FOUNDATION FOR VISUAL ARTS, INC. V. GOLDSMITH",USCA-2,3/28/22,10/12/22,5/18/23,AFFIRMED,Oct-22,21-869,"ANDY WARHOL FOUNDATION FOR THE VISUAL ARTS, INC. V. GOLDSMITH",11 F.4th 26,19-2420
21-984,CFX,"HELIX ENERGY SOLUTIONS GROUP, INC. V. HEWITT",USCA-5,5/2/22,10/12/22,2/22/23,AFFIRMED,Oct-22,21-984,"HELIX ENERGY SOLUTIONS GROUP, INC. V. HEWITT",15 F.4th 289,19-20023
21-1052,CFX,"UNITED STATES EX REL. POLANSKY V. EXECUTIVE HEALTH RESOURCES, INC.",USCA-3,6/21/22,12/6/22,6/16/23,AFFIRMED,Oct-22,21-1052,"UNITED STATES, EX REL. POLANSKY V. EXECUTIVE HEALTH RESOURCES,",17 F.4th 376,19-3810
21-1164,CFX,WILKINS V. UNITED STATES,USCA-9,6/6/22,11/30/22,3/28/23,REVERSED AND REMANDED,Oct-22,21-1164,WILKINS V. UNITED STATES,13 F.4th 791,20-35745
21-1168,CSX,MALLORY V. NORFOLK SOUTHERN R. CO.,"SC-PA, E Dist",4/25/22,10/11/22,6/27/23,VACATED AND REMANDED,Oct-22,21-1168,MALLORY V. NORFOLK SOUTHERN RAILWAY CO.,266 A.3d 542,3
21-1195,CFX,BITTNER V. UNITED STATES,USCA-5,6/21/22,11/2/22,2/28/23,REVERSED AND REMANDED,Oct-22,21-1195,BITTNER V. UNITED STATES,19 F.4th 734,20-40597
21-1271,CSX,MOORE V. HARPER,SC-NC,6/30/22,12/7/22,6/27/23,AFFIRMED,Oct-22,21-1271,MOORE V. HARPER,380 NC 317,413PA21
21-1449,CSX,"GLACIER NORTHWEST, INC. V. INT’L BROTHERHOOD OF TEAMSTERS",SC-WA,10/3/22,1/10/23,6/1/23,REVERSED AND REMANDED,Oct-22,21-1449,"GLACIER NORTHWEST, INC. V. INTERNATIONAL BROTHERHOOD OF",500 P.3d 119,99319-0
21-1450,CFY,TURKIYE HALK BANKASI A.S. V. UNITED STATES,USCA-2,10/3/22,1/17/23,4/19/23,"AFFIRMED IN PART, VACATED AND REMANDED IN PART",Oct-22,21-1450,TURKIYE HALK BANKASI A.S. V. UNITED STATES,16 F.4th 336,20-3499
21-1454,CFX,OHIO ADJUTANT GENERAL’S DEPT. V. FLRA,USCA-6,10/3/22,1/9/23,5/18/23,AFFIRMED,Oct-22,21-1454,THE OHIO ADJUTANT GENERAL'S DEPT. V. FEDERAL LABOR RELATIONS,21 F.4th 401,20-3908
22-58,CFX,UNITED STATES V. TEXAS,USCA-5,7/21/22,11/29/22,6/23/23,REVERSED,Oct-22,22-58,UNITED STATES V. TEXAS,40 F.4th 205,22-40367
22-96,CFX,FINANCIAL OVERSIGHT AND MANAGEMENT BD. FOR P. R. V. CENTRO DE,USCA-1,10/3/22,1/11/23,5/11/23,REVERSED AND REMANDED,Oct-22,22-96,FINANCIAL OVERSIGHT AND MANAGEMENT BOARD FOR PUERTO RICO V.,35 F.4th 1,21-1301
22-105,CFX,"COINBASE, INC. V. BIELSKI",USCA-9,12/9/22,3/21/23,6/23/23,"REVERSED AND REMANDED−as to respondent Bielski;       DISMISSED AS IMPROVIDENTLY GRANTED−as to respondents Suski, et al.",Oct-22,22-105,"COINBASE, INC. V. BIELSKI",2022 WL 3095991,22-15566
22-138,CSY,COUNTERMAN V. COLORADO,CA-CO,1/13/23,4/19/23,6/27/23,VACATED AND REMANDED,Oct-22,22-138,COUNTERMAN V. COLORADO,497 P.3d 1039,17CA1465
22-179,CFY,UNITED STATES V. HANSEN,USCA-9,12/9/22,3/27/23,6/23/23,REVERSED AND REMANDED,Oct-22,22-179,UNITED STATES V. HANSEN,25 F.4th 1103,17-10548
22-196,CFY,SAMIA V. UNITED STATES,USCA-2,12/13/22,3/29/23,6/23/23,AFFIRMED,Oct-22,22-196,SAMIA V. UNITED STATES,2022 WL 1166623,18-3074
22-227,CFX,LAC DU FLAMBEAU BAND OF LAKE SUPERIOR CHIPPEWA INDIANS V. COUGHLIN,USCA-1,1/13/23,4/24/23,6/15/23,AFFIRMED,Oct-22,22-227,LAC DU FLAMBEAU BAND V. COUGHLIN,33 F.4th 600,21-1153
22-506,CFX,BIDEN V. NEBRASKA,USCA-8,12/1/22,2/28/23,6/30/23,REVERSED AND REMANDED;  Application (22A444) DENIED AS MOOT,Oct-22,22-506,BIDEN V. NEBRASKA,52 F.4th 1044,22-3179
20-1541,CSX,"PIVOTAL SOFTWARE, INC. V. SUPERIOR COURT OF CALIFORNIA","CA-CA, 1st app. Dist",7/2/21,11/9/21,,CASE DISMISSED – Rule 46,Oct-22,20-1541,"PIVOTAL SOFTWARE, INC. V. SUPERIOR COURT OF CALIFORNIA",SUP.CT. ORDER,A162228
21-1397,CFX,IN RE GRAND JURY,USCA-9,10/3/22,1/9/23,1/23/23,DISMISSED AS IMPROVIDENTLY GRANTED,Oct-22,21-1397,IN RE GRAND JURY V.,23 F.4th 1088,21-55085
21-1596,CFX,"ARDOIN, LA SEC. OF STATE V. ROBINSON",USCA-5,,,,"DISMISSED AS IMPROVIDENTLY GRANTED; Stay dated June 28, 2022 -           VACATED",Oct-22,21-1596,ARDOIN V. ROBINSON,605 F.Supp.3d 759,22-30333
22-592,CFX,ARIZONA V. MAYORKAS,USCA-DC,12/27/22,3/1/23,,VACATED AND REMANDED,Oct-22,22-592,ARIZONA V. MAYORKAS,22-5325,22-5325
"141, Orig.",,TEXAS V. NEW MEXICO,,,3/20/24,6/21/24,EXCEPTION SUSTAINED,Oct-23,,,,
22-340,CFY,PULSIFER V. UNITED STATES,USCA-8,2/27/23,10/2/23,3/15/24,AFFIRMED,Oct-23,22-340,PULSIFER V. UNITED STATES,39 F.4th 1018,21-1609
22-448,CFX,CONSUMER FINANCIAL PROTECTION BUREAU V. COMMUNITY FINANCIAL,USCA-5,2/27/23,10/3/23,5/16/24,REVERSED AND REMANDED,Oct-23,22-448,CONSUMER FINANCIAL PROTECTION BUREAU V. COMMUNITY FINANCIAL,51 F.4th 616,21-50826
22-451,CFX,LOPER BRIGHT ENTERPRISES V. RAIMONDO,USCA-DC,5/1/23,1/17/24,6/28/24,"VACATED AND REMANDED (KBJ – no part as to No. 22-451)       – Opinion also for Relentless, Inc., et al.  v. Department of Commerce, et al. ,      No. 22-1219 - Vacated and Remanded.",Oct-23,22-451,LOPER BRIGHT ENTERPRISES V. RAIMONDO,45 F.4th 359,21-5166
22-585,CFX,CULLEY V. MARSHALL,USCA-11,4/17/23,10/30/23,5/9/24,AFFIRMED,Oct-23,22-585,"CULLEY V. MARSHALL, ATTORNEY GENERAL OF ALABAMA",2022 WL 2663643,21-13805
22-666,CFX,WILKINSON V. GARLAND,USCA-3,6/30/23,11/28/23,3/19/24,"REVERSED IN PART, VACATED IN PART AND REMANDED",Oct-23,22-666,WILKINSON V. GARLAND,2022 WL 4298337,21-3166
22-800,CFX,MOORE V. UNITED STATES,USCA-9,6/26/23,12/5/23,6/20/24,AFFIRMED,Oct-23,22-800,MOORE V. UNITED STATES,36 F.4TH 930,20-36122
22-807,ATX,ALEXANDER V. SOUTH CAROLINA STATE CONFERENCE OF THE NAACP,USDC-SC,,10/11/23,5/23/24,REVERSED IN PART AND REMANDED IN PART,Oct-23,22-807,ALEXANDER V. SC CONFERENCE OF THE NAACP,2023 WL 118775,3
22-859,CFX,SEC V. JARKESY,USCA-5,6/30/23,11/29/23,6/27/24,AFFIRMED AND REMANDED,Oct-23,22-859,SECURITIES AND EXCHANGE COMMISSION V. JARKESY,34 F.4th 446,20-61007
22-888,CFX,RUDISILL V. MCDONOUGH,USCA-Fed,6/26/23,11/8/23,4/16/24,REVERSED AND REMANDED,Oct-23,22-888,RUDISILL V. McDONOUGH,55 F.4th 879,2020-1637
22-915,CFY,UNITED STATES V. RAHIMI,USCA-5,6/30/23,11/7/23,6/21/24,REVERSED AND REMANDED,Oct-23,22-915,UNITED STATES V. RAHIMI,61 F.4th 443,21-11001
22-976,CFX,GARLAND V. CARGILL,USCA-5,11/3/23,2/28/24,6/14/24,AFFIRMED,Oct-23,22-976,GARLAND V. CARGILL,57 F.4th 447,20-51016
22-982,CFH,THORNELL V. JONES,USCA-9,12/13/23,4/17/24,5/30/24,REVERSED AND REMANDED,Oct-23,22-982,THORNELL V. JONES,52 F.4th 1104,18-99005
22-1008,CFX,"CORNER POST, INC. V. BOARD OF GOVERNORS, FRS",USCA-8,9/29/23,2/20/24,7/1/24,REVERSED AND REMANDED,Oct-23,22-1008,"CORNER POST, INC. V. BOARD OF GOVERNORS OF THE FEDERAL RESERVE",55 F.4th 634,22-1639
22-1025,CFX,GONZALEZ V. TREVINO,USCA-5,10/13/23,3/20/24,6/20/24,VACATED AND REMANDED,Oct-23,22-1025,GONZALEZ V. TREVINO,42 F.4th 487,21-50276
22-1078,CFX,"WARNER CHAPPELL MUSIC, INC. V. NEALY",USCA-11,9/29/23,2/21/24,5/9/24,AFFIRMED,Oct-23,22-1078,WARNER CHAPPELL MUSIC V. NEALY,60 F.4th 1325,21-13232
22-1219,CFX,"RELENTLESS, INC. V. DEPARTMENT OF COMMERCE",USCA-1,10/13/23,1/17/24,6/28/24,"VACATED AND REMANDED (KBJ – no part as to No. 22-451)       – see opinion Loper Bright Enterprises v. Raimondo, No. 22-451.",Oct-23,22-1219,"RELENTLESS, INC. V. DEPARTMENT OF COMMERCE",62 F.4th 621,21-1886
22-1238,CFX,"UNITED STATES TRUSTEE V. JOHN Q. HAMMONS FALL 2006, LLC",USCA-10,9/29/23,1/9/24,6/14/24,REVERSED AND REMANDED,Oct-23,22-1238,UNITED STATES TRUSTEE V. JOHN Q. HAMMONS FALL,2022 WL 3354682,20-3203
23-14,CFY,DIAZ V. UNITED STATES,USCA-9,11/13/23,3/19/24,6/20/24,AFFIRMED,Oct-23,23-14,DIAZ V. UNITED STATES,2023 WL 314309,21-50238
23-50,CFX,CHIAVERINI V. CITY OF NAPOLEON,USCA-6,12/13/23,4/15/24,6/20/24,VACATED AND REMANDED,Oct-23,23-50,"CHIAVERINI V. NAPOLEON, OH",2023 WL 152477,21-3996
23-108,CFY,SNYDER V. UNITED STATES,USCA-7,12/13/23,4/15/24,6/26/24,REVERSED AND REMANDED,Oct-23,23-108,SNYDER V. UNITED STATES,71 F.4th 555,21-2986
23-124,CFX,HARRINGTON V. PURDUE PHARMA L.P.,USCA-2,8/10/23,12/4/23,6/27/24,REVERSED AND REMANDED,Oct-23,23-124,"HARRINGTON V. PURDUE PHARMA, L.P.",69 F.4th 45,22-110
23-175,CFX,CITY OF GRANTS PASS V. JOHNSON,USCA-9,1/12/24,4/22/24,6/28/24,REVERSED AND REMANDED,Oct-23,23-175,CITY OF GRANTS PASS V. JOHNSON,72 F.4th 868,20-35752
23-334,CFX,DEPARTMENT OF STATE V. MUÑOZ,USCA-9,1/12/24,4/23/24,6/21/24,REVERSED AND REMANDED,Oct-23,23-334,DEPARTMENT OF STATE V. MUNOZ,50 F.4th 906,21-55365
23-370,CFY,ERLINGER V. UNITED STATES,USCA-7,11/20/23,3/27/24,6/21/24,VACATED AND REMANDED,Oct-23,23-370,ERLINGER V. UNITED STATES,77 F.4th 617,22-1926
23-411,CFX,MURTHY V. MISSOURI,USCA-5,10/20/23,3/18/24,6/26/24,REVERSED AND REMANDED,Oct-23,23-411,MURTHY V. MISSOURI,83 F.4th 350,23-30445
23-939,CFY,TRUMP V. UNITED STATES,USCA-DC,2/28/24,4/25/24,7/1/24,VACATED AND REMANDED,Oct-23,23-939,TRUMP V. UNITED STATES,91 F.4th 1173,23-3228
23-5572,CFY,FISCHER V. UNITED STATES,USCA-DC,12/13/23,4/16/24,6/28/24,VACATED AND REMANDED,Oct-23,23-5572,FISCHER V. UNITED STATES,64 F.4th 329,22-3038
22-425,CFX,"CARNAHAN, ADMINISTRATOR, GSA V. MALONEY",USCA-DC,5/15/23,,,VACATED AND REMANDED with instructions to dismiss the case.,Oct-23,22-425,CARNAHAN V. MALONEY,984 F.3d 50,18-5305
22-7466,CSX,GLOSSIP V. OKLAHOMA,"Crim. App., OK",1/22/24,10/9/24,2/25/25,REVERSED AND REMANDED (NMG - no part),Oct-24,22-7466,GLOSSIP V. OKLAHOMA,529 P.3d 218,PCD-2023-267
23-191,CSX,WILLIAMS V. REED,SC-AL,1/12/24,10/7/24,2/21/25,REVERSED AND REMANDED,Oct-24,23-191,WILLIAMS V. REED,387 So.3d 138,SC-2022-0897
23-365,CFX,"MEDICAL MARIJUANA, INC. V. HORN",USCA-2,4/29/24,10/15/24,4/2/25,AFFIRMED AND REMANDED,Oct-24,23-365,"MEDICAL MARIJUANA, INC.  V. HORN",80 F.4th 130,22-349-cv
23-477,CFX,UNITED STATES V. SKRMETTI,USCA-6,6/24/24,12/4/24,6/18/25,AFFIRMED,Oct-24,23-477,UNITED STATES V. SKRMETTI,83 F.4th 460,23-5600
23-621,CFX,LACKEY V. STINNIE,USCA-4,4/22/24,10/8/24,2/25/25,REVERSED AND REMANDED,Oct-24,23-621,LACKEY V. STINNIE,77 F.4th 200,21-1756
23-713,CFX,BUFKIN V. COLLINS,USCA-Fed,4/29/24,10/16/24,3/5/25,AFFIRMED,Oct-24,23-713,BUFKIN V. COLLINS,75 F.4th 1368,2022-1089
23-715,CFX,ADVOCATE CHRIST MEDICAL CENTER V. KENNEDY,USCA-DC,6/10/24,11/5/24,4/29/25,AFFIRMED,Oct-24,23-715,"ADVOCATE CHRIST MEDICAL V. KENNEDY, SEC. OF HHS",80 F.4th 346,22-5214
23-753,CFX,CITY AND COUNTY OF SAN FRANCISCO V. EPA,USCA-9,5/28/24,10/16/24,3/4/25,REVERSED AND REMANDED,Oct-24,23-753,SAN FRANCISCO V. ENVIRONMENTAL PROTECTION AGENCY,75 F.4th 1074,21-70282
23-824,CFX,UNITED STATES V. MILLER,USCA-10,6/24/24,12/2/24,3/26/25,REVERSED,Oct-24,23-824,UNITED STATES  V. MILLER,71 F.4th 1247,21-4135
23-825,CFY,DELLIGATTI V. UNITED STATES,USCA-2,6/3/24,11/12/24,3/21/25,AFFIRMED,Oct-24,23-825,DELLIGATTI V. UNITED STATES,83 F.4th 113,18-2482
23-852,CFX,BONDI V. VANDERSTOK,USCA-5,4/22/24,10/8/24,3/26/25,REVERSED AND REMANDED,Oct-24,23-852,BONDI V. VANDERSTOK,86 F.4th 179,23-10718
23-861,CFX,FELICIANO V. DEPARTMENT OF TRANSPORTATION,USCA-Fed,6/24/24,12/9/24,4/30/25,REVERSED AND REMANDED,Oct-24,23-861,FELICIANO V. DEPARTMENT OF TRANSPORTATION,2023 WL 3449138,2022-1219
23-929,CFX,MONSALVO VELAZQUEZ V. BONDI,USCA-10,7/2/24,11/12/24,4/22/25,REVERSED AND REMANDED,Oct-24,23-929,VELAZQUEZ V. BONDI,88 F.4th 1301,22-9576
23-997,CFX,STANLEY V. CITY OF SANFORD,USCA-11,6/24/24,1/13/25,6/20/25,AFFIRMED,Oct-24,23-997,"STANLEY V. CITY OF SANFORD, FLORIDA",83 F.4th 1333,22-10002
23-1122,CFX,"FREE SPEECH COALITION, INC. V. PAXTON",USCA-5,7/2/24,1/15/25,6/27/25,AFFIRMED,Oct-24,23-1122,FREE SPEECH COALITION V. PAXTON,95 F.4th 263,23-50627
23-1187,CFX,FDA V. R. J. REYNOLDS VAPOR CO.,USCA-5,10/4/24,1/21/25,6/20/25,AFFIRMED AND REMANDED,Oct-24,23-1187,FDA V. R.J. REYNOLDS VAPOR CO.,2024 WL 1945307,23-60037
23-1226,CFX,"MCLAUGHLIN CHIROPRACTIC ASSOCIATES, INC. V. MCKESSON CORP.",USCA-9,10/4/24,1/21/25,6/20/25,REVERSED AND REMANDED,Oct-24,23-1226,MCLAUGHLIN CHIROPRACTIC ASSOC. V. MCKESSON CORP.,2023 WL 7015279,22-15710
23-1229,CFX,"EPA V. CALUMET SHREVEPORT REFINING, L.L.C.",USCA-5,10/21/24,3/25/25,6/18/25,VACATED AND REMANDED,Oct-24,23-1229,ENVIRONMENTAL PROTECTION AGENCY  V. CALUMET SHREVEPORT,86 F.4th 1121,22-60266
23-1270,CFX,RILEY V. BONDI,USCA-4,11/4/24,3/24/25,6/26/25,VACATED AND REMANDED,Oct-24,23-1270,RILEY V. BONDI,2024 WL 1826979,22-1609
23-1275,CFX,MEDINA V. PLANNED PARENTHOOD SOUTH ATLANTIC,USCA-4,12/18/24,4/2/25,6/26/25,REVERSED AND REMANDED,Oct-24,23-1275,"MEDINA, DIRECTOR SC DEPT OF HEALTH V. PLANNED PARENTHOOD",95 F.4th 152,21-1043
23-1324,CFX,PERTTU V. RICHARDS,USCA-6,10/4/24,2/25/25,6/18/25,AFFIRMED,Oct-24,23-1324,PERTTU V. RICHARDS,96 F.4th 911,22-1298
23-7483,CFY,ESTERAS V. UNITED STATES,USCA-6,10/21/24,2/25/25,6/20/25,VACATED AND REMANDED,Oct-24,23-7483,ESTERAS V. UNITED STATES,88 F.4th 1163,23-3422
23-7809,CFX,GUTIERREZ V. SAENZ,USCA-5,10/4/24,2/24/25,6/24/25,REVERSED AND REMANDED,Oct-24,23-7809,GUTIERREZ V. SAENZ,93 F.4th 267,21-70009
24-7,CFX,"DIAMOND ALTERNATIVE ENERGY, LLC V. EPA",USCA-DC,12/13/24,4/23/25,6/20/25,REVERSED AND REMANDED,Oct-24,24-7,"DIAMOND ALTERNATIVE ENERGY, LLC V. EPA",98 F.4th 288,22-1081
24-275,CFX,PARRISH V. UNITED STATES,USCA-4,1/17/25,4/21/25,6/12/25,REVERSED AND REMANDED,Oct-24,24-275,PARRISH V. UNITED STATES,74 F.4th 160,20-1766
24-297,CFX,MAHMOUD V. TAYLOR,USCA-4,1/17/25,4/22/25,6/27/25,REVERSED AND REMANDED,Oct-24,24-297,MAHMOUD V. TAYLOR,102 F.4th 191,23-1890
24-316,CFX,"KENNEDY V. BRAIDWOOD MANAGEMENT, INC.",USCA-5,1/10/25,4/21/25,6/27/25,REVERSED AND REMANDED,Oct-24,24-316,"KENNEDY V. BRAIDWOOD MANAGEMENT, INC.",104 F.4th 930,23-10326
24-416,CFX,COMMISSIONER V. ZUCH,USCA-3,1/10/25,4/22/25,6/12/25,REVERSED AND REMANDED,Oct-24,24-416,COMMISSIONER OF INTERNAL REVENUE V. ZUCH,97 F.4th 81,22-2244
23-970,CFX,NVIDIA V. E. OHMAN J:OR FONDER AB,USCA-9,6/17/24,11/13/24,12/11/24,DISMISSED AS IMPROVIDENTLY GRANTED,Oct-24,23-970,NVIDIA CORP. V. E. OHMAN J:OR FONDER AB,81 F.4th 918,21-15604
23-980,CFX,"FACEBOOK, INC. V. AMALGAMATED BANK",USCA-9,6/10/24,11/6/24,11/22/24,DISMISSED AS IMPROVIDENTLY GRANTED,Oct-24,23-980,"FACEBOOK, INC. V. AMALGAMATED BANK",87 F.4th 934,22-15077
24-304,CFX,LABORATORY CORP. OF AMERICA HOLDINGS V. DAVIS,USCA-9,1/24/25,4/29/25,6/5/25,DISMISSED AS IMPROVIDENTLY GRANTED,Oct-24,24-304,LABORATORY CORP. OF AMERICA V. DAVIS,2024 WL 489288,22-55873
24-413,CFX,DEPT. OF EDUCATION V. CAREER COLLEGES AND SCHOOLS OF TX,USCA-5,1/10/25,,,,Oct-24,24-413,DEPARTMENT OF EDUCATION V. CAREER COLLEGES AND SCHOOLS OF,98 F.4th 220,23-50491
23-1197,CFX,LANDOR V. LOUISIANA DEPT. OF CORRECTIONS,USCA-5,6/23/25,,,,Oct-25,23-1197,LANDOR V. LA DEPT. OF CORRECTIONS,82 F.4th 337,22-30686
23-1209,CFX,"M & K EMPLOYEE SOLUTIONS, LLC V. TRUSTEES OF THE IAM PENSION FUND",USCA-DC,6/30/25,,,,Oct-25,23-1209,"M & K EMPLOYEE SOLUTIONS, LLC V. TRUSTEES OF THE IAM PENSION FUND",92 F.4th 316,22-7157
24-43,CFX,WEST VIRGINIA V. B. P. J.,USCA-4,7/3/25,,,,Oct-25,24-43,WEST VIRGINIA V. B.P.J.,98 F.4th 542,23-1078
24-171,CFX,"COX COMMUNICATIONS, INC. V. SONY MUSIC ENTERTAINMENT",USCA-4,6/30/25,,,,Oct-25,24-171,"COX COMMUNICATIONS, INC.  V. SONY MUSIC ENTERTAINMENT",93 F.4th 222,21-1168
24-345,CFX,"FS CREDIT OPPORTUNITIES CORP. V. SABA CAPITAL MASTER FUND, LTD.",USCA-2,6/30/25,,,,Oct-25,24-345,"FS CREDIT CORP. V. SABA CAPITAL MASTER FUND, LTD.",2024 WL 3174971,23-8104
24-351,CFX,POSTAL SERVICE V. KONAN,USCA-5,4/21/25,,,,Oct-25,24-351,UNITED STATES POSTAL SERVICE V. KONAN,96 F.4th 799,23-10179
24-440,CFX,BERK V. CHOY,USCA-3,3/10/25,,,,Oct-25,24-440,BERK V. CHOY,2024 WL 5354482,23-1620
24-482,CFY,ELLINGBURG V. UNITED STATES,USCA-8,4/7/25,,,,Oct-25,24-482,ELLINGBURG V. UNITED STATES,113 F.4th 839,23-3129
24-539,CFX,CHILES V. SALAZAR,USCA-10,3/10/25,,,,Oct-25,24-539,CHILES V. SALAZAR,116 F.4th 1178,22-1445
24-556,CFY,FERNANDEZ V. UNITED STATES,USCA-2,5/27/25,,,,Oct-25,24-556,FERNANDEZ V. UNITED STATES,104 F.4th 420,22-3122
24-557,CSY,VILLARREAL V. TEXAS,"Crim. App., TX",4/7/25,,,,Oct-25,24-557,VILLARREAL V. TEXAS,707 S.W.3d 138,PD-0048-20
24-568,CFX,BOST V. ILLINOIS STATE BD. OF ELECTIONS,USCA-7,6/2/25,,,,Oct-25,24-568,BOST V. ILLINOIS BOARD OF ELECTIONS,114 F.4th 634,23-2644
24-621,CFX,NRSC V. FEC,USCA-6,6/30/25,,,,Oct-25,24-621,NRSC V. FEC,117 F.4th 389,24-3051
24-624,CSY,CASE V. MONTANA,SC-MT,6/2/25,,,,Oct-25,24-624,CASE V. MONTANA,553 P.3d 985,DA
24-724,CFX,"HAIN CELESTIAL GROUP, INC. V. PALMQUIST",USCA-5,4/28/25,,,,Oct-25,24-724,HAIN CELESTIAL GROUP V. PALMQUIST,103 F.4th 294,23-40197
24-758,CFX,"GEO GROUP, INC. V. MENOCAL",USCA-10,6/2/25,,,,Oct-25,24-758,"THE GEO GROUP, INC. V. MENOCAL",2024 WL 4544184,22-1409
24-777,CFX,"URIAS-ORELLANA V. BONDI, ATT'Y GEN.",USCA-1,6/30/25,,,,Oct-25,24-777,URIAS-ORELLANA V. BONDI,121 F.4th 327,24-1042
24-781,CFX,FIRST CHOICE WOMEN'S RESOURCE V. PLATKIN,USCA-3,6/16/25,,,,Oct-25,24-781,"FIRST CHOICE WOMEN'S RESOURCE CENTERS, INC. V. PLATKIN",2024 WL 5088105,24-3124
24-783,CFX,ENBRIDGE ENERGY V. NESSEL,USCA-6,6/30/25,,,,Oct-25,24-783,"ENBRIDGE ENERGY, LP V. NESSEL",104 F.4th 958,23-1671
24-808,CFX,"CONEY ISLAND AUTO PARTS, INC. V. BURTON",USCA-6,6/6/25,,,,Oct-25,24-808,"CONEY ISLAND AUTO PARTS, INC. V. BURTON",109 F.4th 438,23-5881
24-813,CFX,CHEVRON USA INC. V. PLAQUEMINES PARISH,USCA-5,6/16/25,,,,Oct-25,24-813,CHEVRON USA INC. V. PLAQUEMINES PARISH,103 F.4th 324,23-30294
24-872,CFH,HAMM V. SMITH,USCA-11,6/6/25,,,,Oct-25,24-872,"HAMM, COMMISSIONER AL DOC V. SMITH",2024 WL 4793028,21-14519
24-924,CFX,HENCELY V. FLUOR CORP.,USCA-4,6/2/25,,,,Oct-25,24-924,HENCELY V. FLUOR CORP.,120 F.4th 412,21-1994
24-993,CFX,OLIVIER V. CITY OF BRANDON,USCA-5,7/3/25,,,,Oct-25,24-993,"OLIVIER V. BRANDON, MS",2023 WL 5500223,22-60566
24-1056,CFY,RICO V. UNITED STATES,USCA-9,6/30/25,,,,Oct-25,24-1056,RICO V. UNITED STATES,2025 WL 720900,24-2662
24-5438,CFH,BOWE V. UNITED STATES,USCA-11,1/17/25,,,,Oct-25,24-5438,BOWE V. UNITED STATES,CA 11 ORDER 6/27/2024,24-11704
24-5774,CFY,BARRETT V. UNITED STATES,USCA-2,3/3/25,,,,Oct-25,24-5774,BARRETT V. UNITED STATES,102 F.4th 60,21-1379
24-413,CFX,DEPT. OF EDUCATION V. CAREER COLLEGES AND SCHOOLS OF TX,USCA-5,1/10/25,,,,Oct-25,24-413,DEPARTMENT OF EDUCATION V. CAREER COLLEGES AND SCHOOLS OF,98 F.4th 220,23-50491
