id,full_name,jurisdiction,jurisdiction_name,jurisdiction_type,jurisdiction_state,appeals_to_full_name,appeals_to_id,note
scotus,Supreme Court of the United States,F,Federal Appellate,Federal,Federal,,,
cafc,Court of Appeals for the Federal Circuit,F,Federal Appellate,Federal,Federal,Supreme Court of the United States,scotus,
ca1,Court of Appeals for the First Circuit,F,Federal Appellate,Federal,Federal,Supreme Court of the United States,scotus,
ca2,Court of Appeals for the Second Circuit,F,Federal Appellate,Federal,Federal,Supreme Court of the United States,scotus,
ca3,Court of Appeals for the Third Circuit,F,Federal Appellate,Federal,Federal,Supreme Court of the United States,scotus,
ca4,Court of Appeals for the Fourth Circuit,F,Federal Appellate,Federal,Federal,Supreme Court of the United States,scotus,
ca5,Court of Appeals for the Fifth Circuit,F,Federal Appellate,Federal,Federal,Supreme Court of the United States,scotus,
ca6,Court of Appeals for the Sixth Circuit,F,Federal Appellate,Federal,Federal,Supreme Court of the United States,scotus,
ca7,Court of Appeals for the Seventh Circuit,F,Federal Appellate,Federal,Federal,Supreme Court of the United States,scotus,
ca8,Court of Appeals for the Eighth Circuit,F,Federal Appellate,Federal,Federal,Supreme Court of the United States,scotus,
ca9,Court of Appeals for the Ninth Circuit,F,Federal Appellate,Federal,Federal,Supreme Court of the United States,scotus,
ca10,Court of Appeals for the Tenth Circuit,F,Federal Appellate,Federal,Federal,Supreme Court of the United States,scotus,
ca11,Court of Appeals for the Eleventh Circuit,F,Federal Appellate,Federal,Federal,Supreme Court of the United States,scotus,
cadc,Court of Appeals for the D.C. Circuit,F,Federal Appellate,Federal,Federal,Supreme Court of the United States,scotus,
bap1,Bankruptcy Appellate Panel of the First Circuit,FBP,Federal Bankruptcy Panel,Federal,Federal,Court of Appeals for the First Circuit,ca1,
bap2,Bankruptcy Appellate Panel of the Second Circuit,FBP,Federal Bankruptcy Panel,Federal,Federal,Court of Appeals for the Second Circuit,ca2,
bap6,Bankruptcy Appellate Panel of the Sixth Circuit,FBP,Federal Bankruptcy Panel,Federal,Federal,Court of Appeals for the Sixth Circuit,ca6,
bap8,United States Bankruptcy Appellate Panel for the Eighth Circuit,FBP,Federal Bankruptcy Panel,Federal,Federal,Court of Appeals for the Eighth Circuit,ca8,
bap9,United States Bankruptcy Appellate Panel for the Ninth Circuit,FBP,Federal Bankruptcy Panel,Federal,Federal,Court of Appeals for the Ninth Circuit,ca9,
bap10,Bankruptcy Appellate Panel of the Tenth Circuit,FBP,Federal Bankruptcy Panel,Federal,Federal,Court of Appeals for the Tenth Circuit,ca10,
almb,"United States Bankruptcy Court, M.D. Alabama",FB,Federal Bankruptcy,Federal,Alabama,"District Court, M.D. Alabama",almd,
alnb,"United States Bankruptcy Court, N.D. Alabama",FB,Federal Bankruptcy,Federal,Alabama,"District Court, N.D. Alabama",alnd,
alsb,"United States Bankruptcy Court, S.D. Alabama",FB,Federal Bankruptcy,Federal,Alabama,"District Court, S.D. Alabama",alsd,
akb,"United States Bankruptcy Court, D. Alaska",FB,Federal Bankruptcy,Federal,Alaska,"District Court, D. Alaska",akd,
akb,"United States Bankruptcy Court, D. Alaska",FB,Federal Bankruptcy,Federal,Alaska,United States Bankruptcy Appellate Panel for the Ninth Circuit,bap9,
arb,"United States Bankruptcy Court, D. Arizona",FB,Federal Bankruptcy,Federal,Arizona,"District Court, D. Arizona",azd,
arb,"United States Bankruptcy Court, D. Arizona",FB,Federal Bankruptcy,Federal,Arizona,United States Bankruptcy Appellate Panel for the Ninth Circuit,bap9,
areb,"United States Bankruptcy Court, E.D. Arkansas",FB,Federal Bankruptcy,Federal,Arkansas,"District Court, E.D. Arkansas",ared,
areb,"United States Bankruptcy Court, E.D. Arkansas",FB,Federal Bankruptcy,Federal,Arkansas,United States Bankruptcy Appellate Panel for the Eighth Circuit,bap8,
arwb,"United States Bankruptcy Court, W.D. Arkansas",FB,Federal Bankruptcy,Federal,Arkansas,"District Court, W.D. Arkansas",arwd,
arwb,"United States Bankruptcy Court, W.D. Arkansas",FB,Federal Bankruptcy,Federal,Arkansas,United States Bankruptcy Appellate Panel for the Eighth Circuit,bap8,
cacb,"United States Bankruptcy Court, C.D. California",FB,Federal Bankruptcy,Federal,California,"District Court, C.D. California",cacd,
cacb,"United States Bankruptcy Court, C.D. California",FB,Federal Bankruptcy,Federal,California,United States Bankruptcy Appellate Panel for the Ninth Circuit,bap9,
caeb,"United States Bankruptcy Court, E.D. California",FB,Federal Bankruptcy,Federal,California,"District Court, E.D. California",caed,
caeb,"United States Bankruptcy Court, E.D. California",FB,Federal Bankruptcy,Federal,California,United States Bankruptcy Appellate Panel for the Ninth Circuit,bap9,
canb,"United States Bankruptcy Court, N.D. California",FB,Federal Bankruptcy,Federal,California,"District Court, N.D. California",cand,
canb,"United States Bankruptcy Court, N.D. California",FB,Federal Bankruptcy,Federal,California,United States Bankruptcy Appellate Panel for the Ninth Circuit,bap9,
casb,"United States Bankruptcy Court, S.D. California",FB,Federal Bankruptcy,Federal,California,"District Court, S.D. California",casd,
casb,"United States Bankruptcy Court, S.D. California",FB,Federal Bankruptcy,Federal,California,United States Bankruptcy Appellate Panel for the Ninth Circuit,bap9,
cob,"United States Bankruptcy Court, D. Colorado",FB,Federal Bankruptcy,Federal,Colorado,"District Court, D. Colorado",cod,
cob,"United States Bankruptcy Court, D. Colorado",FB,Federal Bankruptcy,Federal,Colorado,Bankruptcy Appellate Panel of the Tenth Circuit,bap10,
ctb,"United States Bankruptcy Court, D. Connecticut",FB,Federal Bankruptcy,Federal,Connecticut,"District Court, D. Connecticut",ctd,
deb,"United States Bankruptcy Court, D. Delaware",FB,Federal Bankruptcy,Federal,Delaware,"District Court, D. Delaware",ded,
dcb,"United States Bankruptcy Court, District of Columbia",FB,Federal Bankruptcy,Federal,District of Columbia,"District Court, District of Columbia",dcd,
flmb,"United States Bankruptcy Court, M.D. Florida",FB,Federal Bankruptcy,Federal,Florida,"District Court, M.D. Florida",flmd,
flnb,"United States Bankruptcy Court, N.D. Florida",FB,Federal Bankruptcy,Federal,Florida,"District Court, N.D. Florida",flnd,
flsb,"United States Bankruptcy Court, S.D. Florida.",FB,Federal Bankruptcy,Federal,Florida,"District Court, S.D. Florida",flsd,
gamb,"United States Bankruptcy Court, M.D. Georgia",FB,Federal Bankruptcy,Federal,Georgia,"District Court, M.D. Georgia",gamd,
ganb,"United States Bankruptcy Court, N.D. Georgia",FB,Federal Bankruptcy,Federal,Georgia,"District Court, N.D. Georgia",gand,
gasb,"United States Bankruptcy Court, S.D. Georgia",FB,Federal Bankruptcy,Federal,Georgia,"District Court, S.D. Georgia",gasd,
hib,"United States Bankruptcy Court, D. Hawaii",FB,Federal Bankruptcy,Federal,Hawaii,"District Court, D. Hawaii",hid,
hib,"United States Bankruptcy Court, D. Hawaii",FB,Federal Bankruptcy,Federal,Hawaii,United States Bankruptcy Appellate Panel for the Ninth Circuit,bap9,
idb,"United States Bankruptcy Court, D. Idaho",FB,Federal Bankruptcy,Federal,Idaho,"District Court, D. Idaho",idd,
idb,"United States Bankruptcy Court, D. Idaho",FB,Federal Bankruptcy,Federal,Idaho,United States Bankruptcy Appellate Panel for the Ninth Circuit,bap9,
ilcb,"United States Bankruptcy Court, C.D. Illinois",FB,Federal Bankruptcy,Federal,Illinois,"District Court, C.D. Illinois",ilcd,
ilnb,"United States Bankruptcy Court, N.D. Illinois",FB,Federal Bankruptcy,Federal,Illinois,"District Court, N.D. Illinois",ilnd,
ilsb,"United States Bankruptcy Court, S.D. Illinois",FB,Federal Bankruptcy,Federal,Illinois,"District Court, S.D. Illinois",ilsd,
innb,"United States Bankruptcy Court, N.D. Indiana",FB,Federal Bankruptcy,Federal,Indiana,"District Court, N.D. Indiana",innd,
insb,"United States Bankruptcy Court, S.D. Indiana",FB,Federal Bankruptcy,Federal,Indiana,"District Court, S.D. Indiana",insd,
ianb,"United States Bankruptcy Court, N.D. Iowa",FB,Federal Bankruptcy,Federal,Iowa,"District Court, N.D. Iowa",iand,
ianb,"United States Bankruptcy Court, N.D. Iowa",FB,Federal Bankruptcy,Federal,Iowa,United States Bankruptcy Appellate Panel for the Eighth Circuit,bap8,
iasb,"United States Bankruptcy Court, S.D. Iowa",FB,Federal Bankruptcy,Federal,Iowa,"District Court, S.D. Iowa",iasd,
iasb,"United States Bankruptcy Court, S.D. Iowa",FB,Federal Bankruptcy,Federal,Iowa,United States Bankruptcy Appellate Panel for the Eighth Circuit,bap8,
ksb,"United States Bankruptcy Court, D. Kansas",FB,Federal Bankruptcy,Federal,Kansas,"District Court, D. Kansas",ksd,
ksb,"United States Bankruptcy Court, D. Kansas",FB,Federal Bankruptcy,Federal,Kansas,Bankruptcy Appellate Panel of the Tenth Circuit,bap10,
kyeb,"United States Bankruptcy Court, E.D. Kentucky",FB,Federal Bankruptcy,Federal,Kentucky,"District Court, E.D. Kentucky",kyed,
kyeb,"United States Bankruptcy Court, E.D. Kentucky",FB,Federal Bankruptcy,Federal,Kentucky,Bankruptcy Appellate Panel of the Sixth Circuit,bap6,
kywb,"United States Bankruptcy Court, W.D. Kentucky",FB,Federal Bankruptcy,Federal,Kentucky,"District Court, W.D. Kentucky",kywd,
kywb,"United States Bankruptcy Court, W.D. Kentucky",FB,Federal Bankruptcy,Federal,Kentucky,Bankruptcy Appellate Panel of the Sixth Circuit,bap6,
laeb,"United States Bankruptcy Court, E.D. Louisiana",FB,Federal Bankruptcy,Federal,Louisiana,"District Court, E.D. Louisiana",laed,
lamb,"United States Bankruptcy Court, M.D. Louisiana",FB,Federal Bankruptcy,Federal,Louisiana,"District Court, M.D. Louisiana",lamd,
lawb,"United States Bankruptcy Court, W.D. Louisiana",FB,Federal Bankruptcy,Federal,Louisiana,"District Court, W.D. Louisiana",lawd,
bapme,"Bankruptcy Appellate Panel, D. Maine",FBP,Federal Bankruptcy Panel,Federal,Maine,Court of Appeals for the First Circuit,ca1,
meb,"United States Bankruptcy Court, D. Maine",FB,Federal Bankruptcy,Federal,Maine,"District Court, D. Maine",med,
meb,"United States Bankruptcy Court, D. Maine",FB,Federal Bankruptcy,Federal,Maine,"Bankruptcy Appellate Panel, D. Maine",bapme,
mdb,"United States Bankruptcy Court, D. Maryland",FB,Federal Bankruptcy,Federal,Maryland,"District Court, D. Maryland",mdd,
bapma,Bankruptcy Appellate Panel of Massachusetts,FBP,Federal Bankruptcy Panel,Federal,Massachusetts,Court of Appeals for the First Circuit,ca1,
mab,"United States Bankruptcy Court, D. Massachusetts",FB,Federal Bankruptcy,Federal,Massachusetts,"District Court, D. Massachusetts",mad,
mab,"United States Bankruptcy Court, D. Massachusetts",FB,Federal Bankruptcy,Federal,Massachusetts,Bankruptcy Appellate Panel of Massachusetts,bapma,
mieb,"United States Bankruptcy Court, E.D. Michigan",FB,Federal Bankruptcy,Federal,Michigan,"District Court, E.D. Michigan",mied,
mieb,"United States Bankruptcy Court, E.D. Michigan",FB,Federal Bankruptcy,Federal,Michigan,Bankruptcy Appellate Panel of the Sixth Circuit,bap6,
miwb,"United States Bankruptcy Court, W.D. Michigan",FB,Federal Bankruptcy,Federal,Michigan,"District Court, W.D. Michigan",miwd,
miwb,"United States Bankruptcy Court, W.D. Michigan",FB,Federal Bankruptcy,Federal,Michigan,Bankruptcy Appellate Panel of the Sixth Circuit,bap6,
mnb,"United States Bankruptcy Court, D. Minnesota",FB,Federal Bankruptcy,Federal,Minnesota,"District Court, D. Minnesota",mnd,
mnb,"United States Bankruptcy Court, D. Minnesota",FB,Federal Bankruptcy,Federal,Minnesota,United States Bankruptcy Appellate Panel for the Eighth Circuit,bap8,
msnb,"United States Bankruptcy Court, N.D. Mississippi",FB,Federal Bankruptcy,Federal,Mississippi,"District Court, N.D. Mississippi",msnd,
mssb,"United States Bankruptcy Court, S.D. Mississippi",FB,Federal Bankruptcy,Federal,Mississippi,"District Court, S.D. Mississippi",mssd,
moeb,"United States Bankruptcy Court, E.D. Missouri",FB,Federal Bankruptcy,Federal,Missouri,"District Court, E.D. Missouri",moed,
moeb,"United States Bankruptcy Court, E.D. Missouri",FB,Federal Bankruptcy,Federal,Missouri,United States Bankruptcy Appellate Panel for the Eighth Circuit,bap8,
mowb,"United States Bankruptcy Court, W.D. Missouri",FB,Federal Bankruptcy,Federal,Missouri,"District Court, W.D. Missouri",mowd,
mowb,"United States Bankruptcy Court, W.D. Missouri",FB,Federal Bankruptcy,Federal,Missouri,United States Bankruptcy Appellate Panel for the Eighth Circuit,bap8,
mtb,"United States Bankruptcy Court, D. Montana",FB,Federal Bankruptcy,Federal,Montana,"District Court, D. Montana",mtd,
mtb,"United States Bankruptcy Court, D. Montana",FB,Federal Bankruptcy,Federal,Montana,United States Bankruptcy Appellate Panel for the Ninth Circuit,bap9,
nebraskab,"United States Bankruptcy Court, D. Nebraska",FB,Federal Bankruptcy,Federal,Nebraska,"District Court, D. Nebraska",ned,
nebraskab,"United States Bankruptcy Court, D. Nebraska",FB,Federal Bankruptcy,Federal,Nebraska,United States Bankruptcy Appellate Panel for the Eighth Circuit,bap8,
nvb,"United States Bankruptcy Court, D. Nevada",FB,Federal Bankruptcy,Federal,Nevada,"District Court, D. Nevada",nvd,
nvb,"United States Bankruptcy Court, D. Nevada",FB,Federal Bankruptcy,Federal,Nevada,United States Bankruptcy Appellate Panel for the Ninth Circuit,bap9,
nhb,"United States Bankruptcy Court, D. New Hampshire",FB,Federal Bankruptcy,Federal,New Hampshire,"District Court, D. New Hampshire",nhd,
njb,"United States Bankruptcy Court, D. New Jersey",FB,Federal Bankruptcy,Federal,New Jersey,"District Court, D. New Jersey",njd,
nmb,"United States Bankruptcy Court, D. New Mexico",FB,Federal Bankruptcy,Federal,New Mexico,"District Court, D. New Mexico",nmd,
nmb,"United States Bankruptcy Court, D. New Mexico",FB,Federal Bankruptcy,Federal,New Mexico,Bankruptcy Appellate Panel of the Tenth Circuit,bap10,
nyeb,"United States Bankruptcy Court, E.D. New York",FB,Federal Bankruptcy,Federal,New York,"District Court, E.D. New York",nyed,
nynb,"United States Bankruptcy Court, N.D. New York",FB,Federal Bankruptcy,Federal,New York,"District Court, N.D. New York",nynd,
nysb,"United States Bankruptcy Court, S.D. New York",FB,Federal Bankruptcy,Federal,New York,"District Court, S.D. New York",nysd,
nywb,"United States Bankruptcy Court, W.D. New York",FB,Federal Bankruptcy,Federal,New York,"District Court, W.D. New York",nywd,
nceb,"United States Bankruptcy Court, E.D. North Carolina",FB,Federal Bankruptcy,Federal,North Carolina,"District Court, E.D. North Carolina",nced,
ncmb,"United States Bankruptcy Court, M.D. North Carolina",FB,Federal Bankruptcy,Federal,North Carolina,"District Court, M.D. North Carolina",ncmd,
ncwb,"United States Bankruptcy Court, W.D. North Carolina",FB,Federal Bankruptcy,Federal,North Carolina,"District Court, W.D. North Carolina",ncwd,
ndb,"United States Bankruptcy Court, D. North Dakota",FB,Federal Bankruptcy,Federal,North Dakota,"District Court, D. North Dakota",ndd,
ndb,"United States Bankruptcy Court, D. North Dakota",FB,Federal Bankruptcy,Federal,North Dakota,United States Bankruptcy Appellate Panel for the Eighth Circuit,bap8,
ohnb,"United States Bankruptcy Court, N.D. Ohio",FB,Federal Bankruptcy,Federal,Ohio,"District Court, N.D. Ohio",ohnd,
ohnb,"United States Bankruptcy Court, N.D. Ohio",FB,Federal Bankruptcy,Federal,Ohio,Bankruptcy Appellate Panel of the Sixth Circuit,bap6,
ohsb,"United States Bankruptcy Court, S.D. Ohio",FB,Federal Bankruptcy,Federal,Ohio,"District Court, S.D. Ohio",ohsd,
ohsb,"United States Bankruptcy Court, S.D. Ohio",FB,Federal Bankruptcy,Federal,Ohio,Bankruptcy Appellate Panel of the Sixth Circuit,bap6,
okeb,"United States Bankruptcy Court, E.D. Oklahoma",FB,Federal Bankruptcy,Federal,Oklahoma,"District Court, E.D. Oklahoma",oked,
okeb,"United States Bankruptcy Court, E.D. Oklahoma",FB,Federal Bankruptcy,Federal,Oklahoma,Bankruptcy Appellate Panel of the Tenth Circuit,bap10,
oknb,"United States Bankruptcy Court, N.D. Oklahoma",FB,Federal Bankruptcy,Federal,Oklahoma,"District Court, N.D. Oklahoma",oknd,
oknb,"United States Bankruptcy Court, N.D. Oklahoma",FB,Federal Bankruptcy,Federal,Oklahoma,Bankruptcy Appellate Panel of the Tenth Circuit,bap10,
okwb,"United States Bankruptcy Court, W.D. Oklahoma",FB,Federal Bankruptcy,Federal,Oklahoma,"District Court, W.D. Oklahoma",okwd,
okwb,"United States Bankruptcy Court, W.D. Oklahoma",FB,Federal Bankruptcy,Federal,Oklahoma,Bankruptcy Appellate Panel of the Tenth Circuit,bap10,
orb,"United States Bankruptcy Court, D. Oregon",FB,Federal Bankruptcy,Federal,Oregon,"District Court, D. Oregon",ord,
orb,"United States Bankruptcy Court, D. Oregon",FB,Federal Bankruptcy,Federal,Oregon,United States Bankruptcy Appellate Panel for the Ninth Circuit,bap9,
paeb,"United States Bankruptcy Court, E.D. Pennsylvania",FB,Federal Bankruptcy,Federal,Pennsylvania,"District Court, E.D. Pennsylvania",paed,
pamb,"United States Bankruptcy Court, M.D. Pennsylvania",FB,Federal Bankruptcy,Federal,Pennsylvania,"District Court, M.D. Pennsylvania",pamd,
pawb,"United States Bankruptcy Court, W.D. Pennsylvania",FB,Federal Bankruptcy,Federal,Pennsylvania,"District Court, W.D. Pennsylvania",pawd,
nhb,"United States Bankruptcy Court, D. New Hampshire",FB,Federal Bankruptcy,Federal,New Hampshire,Bankruptcy Appellate Panel of the First Circuit,bap1,
rib,"United States Bankruptcy Court, D. Rhode Island",FB,Federal Bankruptcy,Federal,Rhode Island,"District Court, D. Rhode Island",rid,
scb,"United States Bankruptcy Court, D. South Carolina",FB,Federal Bankruptcy,Federal,South Carolina,"District Court, D. South Carolina",scd,
sdb,"United States Bankruptcy Court, D. South Dakota",FB,Federal Bankruptcy,Federal,South Dakota,"District Court, D. South Dakota",sdd,
sdb,"United States Bankruptcy Court, D. South Dakota",FB,Federal Bankruptcy,Federal,South Dakota,United States Bankruptcy Appellate Panel for the Eighth Circuit,bap8,
tneb,"United States Bankruptcy Court, E.D. Tennessee",FB,Federal Bankruptcy,Federal,Tennessee,"District Court, E.D. Tennessee",tned,
tneb,"United States Bankruptcy Court, E.D. Tennessee",FB,Federal Bankruptcy,Federal,Tennessee,Bankruptcy Appellate Panel of the Sixth Circuit,bap6,
tnmb,"United States Bankruptcy Court, M.D. Tennessee",FB,Federal Bankruptcy,Federal,Tennessee,"District Court, M.D. Tennessee",tnmd,
tnmb,"United States Bankruptcy Court, M.D. Tennessee",FB,Federal Bankruptcy,Federal,Tennessee,Bankruptcy Appellate Panel of the Sixth Circuit,bap6,
tnwb,"United States Bankruptcy Court, W.D. Tennessee",FB,Federal Bankruptcy,Federal,Tennessee,"District Court, W.D. Tennessee",tnwd,
tnwb,"United States Bankruptcy Court, W.D. Tennessee",FB,Federal Bankruptcy,Federal,Tennessee,Bankruptcy Appellate Panel of the Sixth Circuit,bap6,
txeb,"United States Bankruptcy Court, E.D. Texas",FB,Federal Bankruptcy,Federal,Texas,"District Court, E.D. Texas",txed,
txnb,"United States Bankruptcy Court, N.D. Texas",FB,Federal Bankruptcy,Federal,Texas,"District Court, N.D. Texas",txnd,
txsb,"United States Bankruptcy Court, S.D. Texas",FB,Federal Bankruptcy,Federal,Texas,"District Court, S.D. Texas",txsd,
txwb,"United States Bankruptcy Court, W.D. Texas",FB,Federal Bankruptcy,Federal,Texas,"District Court, W.D. Texas",txwd,
utb,"United States Bankruptcy Court, D. Utah",FB,Federal Bankruptcy,Federal,Utah,"District Court, D. Utah",utd,
utb,"United States Bankruptcy Court, D. Utah",FB,Federal Bankruptcy,Federal,Utah,Bankruptcy Appellate Panel of the Tenth Circuit,bap10,
vtb,"United States Bankruptcy Court, D. Vermont",FB,Federal Bankruptcy,Federal,Vermont,"District Court, D. Vermont",vtd,
vaeb,"United States Bankruptcy Court, E.D. Virginia",FB,Federal Bankruptcy,Federal,Virginia,"District Court, E.D. Virginia",vaed,
vawb,"United States Bankruptcy Court, W.D. Virginia",FB,Federal Bankruptcy,Federal,Virginia,"District Court, W.D. Virginia",vawd,
waeb,"United States Bankruptcy Court, E.D. Washington",FB,Federal Bankruptcy,Federal,Washington,"District Court, E.D. Washington",waed,
waeb,"United States Bankruptcy Court, E.D. Washington",FB,Federal Bankruptcy,Federal,Washington,United States Bankruptcy Appellate Panel for the Ninth Circuit,bap9,
wawb,"United States Bankruptcy Court, W.D. Washington",FB,Federal Bankruptcy,Federal,Washington,"District Court, W.D. Washington",wawd,
wawb,"United States Bankruptcy Court, W.D. Washington",FB,Federal Bankruptcy,Federal,Washington,United States Bankruptcy Appellate Panel for the Ninth Circuit,bap9,
wvnb,"United States Bankruptcy Court, N.D. West Virginia",FB,Federal Bankruptcy,Federal,West Virginia,"District Court, N.D. West Virginia",wvnd,
wvsb,"United States Bankruptcy Court, S.D. West Virginia",FB,Federal Bankruptcy,Federal,West Virginia,"District Court, S.D. West Virginia",wvsd,
wieb,"United States Bankruptcy Court, E.D. Wisconsin",FB,Federal Bankruptcy,Federal,Wisconsin,"District Court, E.D. Wisconsin",wied,
wiwb,"United States Bankruptcy Court, W.D. Wisconsin",FB,Federal Bankruptcy,Federal,Wisconsin,"District Court, W.D. Wisconsin",wiwd,
wyb,"United States Bankruptcy Court, D. Wyoming",FB,Federal Bankruptcy,Federal,Wyoming,"District Court, D. Wyoming",wyd,
wyb,"United States Bankruptcy Court, D. Wyoming",FB,Federal Bankruptcy,Federal,Wyoming,Bankruptcy Appellate Panel of the Tenth Circuit,bap10,
gub,"United States Bankruptcy Court, D. Guam",FB,Federal Bankruptcy,Federal,Guam,"District Court, D. Guam",gud,
gub,"United States Bankruptcy Court, D. Guam",FB,Federal Bankruptcy,Federal,Guam,United States Bankruptcy Appellate Panel for the Ninth Circuit,bap9,
nmib,"United States Bankruptcy Court, Northern Mariana Islands",FB,Federal Bankruptcy,Federal,Northern Mariana Islands,"District Court, Northern Mariana Islands",nmid,
nmib,"United States Bankruptcy Court, Northern Mariana Islands",FB,Federal Bankruptcy,Federal,Northern Mariana Islands,United States Bankruptcy Appellate Panel for the Ninth Circuit,bap9,
rib,"United States Bankruptcy Court, D. Rhode Island",FB,Federal Bankruptcy,Federal,Rhode Island,Bankruptcy Appellate Panel of the First Circuit,bap1,
prb,"United States Bankruptcy Court, D. Puerto Rico",FB,Federal Bankruptcy,Federal,Puerto Rico,"District Court, D. Puerto Rico",prd,
prb,"United States Bankruptcy Court, D. Puerto Rico",FB,Federal Bankruptcy,Federal,Puerto Rico,Bankruptcy Appellate Panel of the First Circuit,bap1,
vib,"United States Bankruptcy Court, D. Virgin Islands",FB,Federal Bankruptcy,Federal,Virgin Islands,"District Court, Virgin Islands",vid,
dcd,"District Court, District of Columbia",FD,Federal District,Federal,District of Columbia,Court of Appeals for the D.C. Circuit,cadc,
almd,"District Court, M.D. Alabama",FD,Federal District,Federal,Alabama,Court of Appeals for the Eleventh Circuit,ca11,
alnd,"District Court, N.D. Alabama",FD,Federal District,Federal,Alabama,Court of Appeals for the Eleventh Circuit,ca11,
alsd,"District Court, S.D. Alabama",FD,Federal District,Federal,Alabama,Court of Appeals for the Eleventh Circuit,ca11,
akd,"District Court, D. Alaska",FD,Federal District,Federal,Alaska,Court of Appeals for the Ninth Circuit,ca9,
azd,"District Court, D. Arizona",FD,Federal District,Federal,Arizona,Court of Appeals for the Ninth Circuit,ca9,
ared,"District Court, E.D. Arkansas",FD,Federal District,Federal,Arkansas,Court of Appeals for the Eighth Circuit,ca8,
arwd,"District Court, W.D. Arkansas",FD,Federal District,Federal,Arkansas,Court of Appeals for the Eighth Circuit,ca8,
cacd,"District Court, C.D. California",FD,Federal District,Federal,California,Court of Appeals for the Ninth Circuit,ca9,
caed,"District Court, E.D. California",FD,Federal District,Federal,California,Court of Appeals for the Ninth Circuit,ca9,
cand,"District Court, N.D. California",FD,Federal District,Federal,California,Court of Appeals for the Ninth Circuit,ca9,
casd,"District Court, S.D. California",FD,Federal District,Federal,California,Court of Appeals for the Ninth Circuit,ca9,
cod,"District Court, D. Colorado",FD,Federal District,Federal,Colorado,Court of Appeals for the Tenth Circuit,ca10,
ctd,"District Court, D. Connecticut",FD,Federal District,Federal,Connecticut,Court of Appeals for the Second Circuit,ca2,
ded,"District Court, D. Delaware",FD,Federal District,Federal,Delaware,Court of Appeals for the Third Circuit,ca3,
flmd,"District Court, M.D. Florida",FD,Federal District,Federal,Florida,Court of Appeals for the Eleventh Circuit,ca11,
flnd,"District Court, N.D. Florida",FD,Federal District,Federal,Florida,Court of Appeals for the Eleventh Circuit,ca11,
flsd,"District Court, S.D. Florida",FD,Federal District,Federal,Florida,Court of Appeals for the Eleventh Circuit,ca11,
gamd,"District Court, M.D. Georgia",FD,Federal District,Federal,Georgia,Court of Appeals for the Eleventh Circuit,ca11,
gand,"District Court, N.D. Georgia",FD,Federal District,Federal,Georgia,Court of Appeals for the Eleventh Circuit,ca11,
gasd,"District Court, S.D. Georgia",FD,Federal District,Federal,Georgia,Court of Appeals for the Eleventh Circuit,ca11,
hid,"District Court, D. Hawaii",FD,Federal District,Federal,Hawaii,Court of Appeals for the Ninth Circuit,ca9,
idd,"District Court, D. Idaho",FD,Federal District,Federal,Idaho,Court of Appeals for the Ninth Circuit,ca9,
ilcd,"District Court, C.D. Illinois",FD,Federal District,Federal,Illinois,Court of Appeals for the Seventh Circuit,ca7,
ilnd,"District Court, N.D. Illinois",FD,Federal District,Federal,Illinois,Court of Appeals for the Seventh Circuit,ca7,
ilsd,"District Court, S.D. Illinois",FD,Federal District,Federal,Illinois,Court of Appeals for the Seventh Circuit,ca7,
innd,"District Court, N.D. Indiana",FD,Federal District,Federal,Indiana,Court of Appeals for the Seventh Circuit,ca7,
insd,"District Court, S.D. Indiana",FD,Federal District,Federal,Indiana,Court of Appeals for the Seventh Circuit,ca7,
iand,"District Court, N.D. Iowa",FD,Federal District,Federal,Iowa,Court of Appeals for the Eighth Circuit,ca8,
iasd,"District Court, S.D. Iowa",FD,Federal District,Federal,Iowa,Court of Appeals for the Eighth Circuit,ca8,
ksd,"District Court, D. Kansas",FD,Federal District,Federal,Kansas,Court of Appeals for the Tenth Circuit,ca10,
kyed,"District Court, E.D. Kentucky",FD,Federal District,Federal,Kentucky,Court of Appeals for the Sixth Circuit,ca6,
kywd,"District Court, W.D. Kentucky",FD,Federal District,Federal,Kentucky,Court of Appeals for the Sixth Circuit,ca6,
laed,"District Court, E.D. Louisiana",FD,Federal District,Federal,Louisiana,Court of Appeals for the Fifth Circuit,ca5,
lamd,"District Court, M.D. Louisiana",FD,Federal District,Federal,Louisiana,Court of Appeals for the Fifth Circuit,ca5,
lawd,"District Court, W.D. Louisiana",FD,Federal District,Federal,Louisiana,Court of Appeals for the Fifth Circuit,ca5,
med,"District Court, D. Maine",FD,Federal District,Federal,Maine,Court of Appeals for the First Circuit,ca1,
mdd,"District Court, D. Maryland",FD,Federal District,Federal,Maryland,Court of Appeals for the Fourth Circuit,ca4,
mad,"District Court, D. Massachusetts",FD,Federal District,Federal,Massachusetts,Court of Appeals for the First Circuit,ca1,
mied,"District Court, E.D. Michigan",FD,Federal District,Federal,Michigan,Court of Appeals for the Sixth Circuit,ca6,
miwd,"District Court, W.D. Michigan",FD,Federal District,Federal,Michigan,Court of Appeals for the Sixth Circuit,ca6,
mnd,"District Court, D. Minnesota",FD,Federal District,Federal,Minnesota,Court of Appeals for the Eighth Circuit,ca8,
msnd,"District Court, N.D. Mississippi",FD,Federal District,Federal,Mississippi,Court of Appeals for the Fifth Circuit,ca5,
mssd,"District Court, S.D. Mississippi",FD,Federal District,Federal,Mississippi,Court of Appeals for the Fifth Circuit,ca5,
moed,"District Court, E.D. Missouri",FD,Federal District,Federal,Missouri,Court of Appeals for the Eighth Circuit,ca8,
mowd,"District Court, W.D. Missouri",FD,Federal District,Federal,Missouri,Court of Appeals for the Eighth Circuit,ca8,
mtd,"District Court, D. Montana",FD,Federal District,Federal,Montana,Court of Appeals for the Ninth Circuit,ca9,
ned,"District Court, D. Nebraska",FD,Federal District,Federal,Nebraska,Court of Appeals for the Eighth Circuit,ca8,
nvd,"District Court, D. Nevada",FD,Federal District,Federal,Nevada,Court of Appeals for the Ninth Circuit,ca9,
nhd,"District Court, D. New Hampshire",FD,Federal District,Federal,New Hampshire,Court of Appeals for the First Circuit,ca1,
njd,"District Court, D. New Jersey",FD,Federal District,Federal,New Jersey,Court of Appeals for the Third Circuit,ca3,
nmd,"District Court, D. New Mexico",FD,Federal District,Federal,New Mexico,Court of Appeals for the Tenth Circuit,ca10,
nyed,"District Court, E.D. New York",FD,Federal District,Federal,New York,Court of Appeals for the Second Circuit,ca2,
nynd,"District Court, N.D. New York",FD,Federal District,Federal,New York,Court of Appeals for the Second Circuit,ca2,
nysd,"District Court, S.D. New York",FD,Federal District,Federal,New York,Court of Appeals for the Second Circuit,ca2,
nywd,"District Court, W.D. New York",FD,Federal District,Federal,New York,Court of Appeals for the Second Circuit,ca2,
nced,"District Court, E.D. North Carolina",FD,Federal District,Federal,North Carolina,Court of Appeals for the Fourth Circuit,ca4,
ncmd,"District Court, M.D. North Carolina",FD,Federal District,Federal,North Carolina,Court of Appeals for the Fourth Circuit,ca4,
ncwd,"District Court, W.D. North Carolina",FD,Federal District,Federal,North Carolina,Court of Appeals for the Fourth Circuit,ca4,
ndd,"District Court, D. North Dakota",FD,Federal District,Federal,North Dakota,Court of Appeals for the Eighth Circuit,ca8,
ohnd,"District Court, N.D. Ohio",FD,Federal District,Federal,Ohio,Court of Appeals for the Sixth Circuit,ca6,
ohsd,"District Court, S.D. Ohio",FD,Federal District,Federal,Ohio,Court of Appeals for the Sixth Circuit,ca6,
oked,"District Court, E.D. Oklahoma",FD,Federal District,Federal,Oklahoma,Court of Appeals for the Tenth Circuit,ca10,
oknd,"District Court, N.D. Oklahoma",FD,Federal District,Federal,Oklahoma,Court of Appeals for the Tenth Circuit,ca10,
okwd,"District Court, W.D. Oklahoma",FD,Federal District,Federal,Oklahoma,Court of Appeals for the Tenth Circuit,ca10,
ord,"District Court, D. Oregon",FD,Federal District,Federal,Oregon,Court of Appeals for the Ninth Circuit,ca9,
paed,"District Court, E.D. Pennsylvania",FD,Federal District,Federal,Pennsylvania,Court of Appeals for the Third Circuit,ca3,
pamd,"District Court, M.D. Pennsylvania",FD,Federal District,Federal,Pennsylvania,Court of Appeals for the Third Circuit,ca3,
pawd,"District Court, W.D. Pennsylvania",FD,Federal District,Federal,Pennsylvania,Court of Appeals for the Third Circuit,ca3,
rid,"District Court, D. Rhode Island",FD,Federal District,Federal,Rhode Island,Court of Appeals for the First Circuit,ca1,
scd,"District Court, D. South Carolina",FD,Federal District,Federal,South Carolina,Court of Appeals for the Fourth Circuit,ca4,
sdd,"District Court, D. South Dakota",FD,Federal District,Federal,South Dakota,Court of Appeals for the Eighth Circuit,ca8,
tned,"District Court, E.D. Tennessee",FD,Federal District,Federal,Tennessee,Court of Appeals for the Sixth Circuit,ca6,
tnmd,"District Court, M.D. Tennessee",FD,Federal District,Federal,Tennessee,Court of Appeals for the Sixth Circuit,ca6,
tnwd,"District Court, W.D. Tennessee",FD,Federal District,Federal,Tennessee,Court of Appeals for the Sixth Circuit,ca6,
txed,"District Court, E.D. Texas",FD,Federal District,Federal,Texas,Court of Appeals for the Fifth Circuit,ca5,
txnd,"District Court, N.D. Texas",FD,Federal District,Federal,Texas,Court of Appeals for the Fifth Circuit,ca5,
txsd,"District Court, S.D. Texas",FD,Federal District,Federal,Texas,Court of Appeals for the Fifth Circuit,ca5,
txwd,"District Court, W.D. Texas",FD,Federal District,Federal,Texas,Court of Appeals for the Fifth Circuit,ca5,
utd,"District Court, D. Utah",FD,Federal District,Federal,Utah,Court of Appeals for the Tenth Circuit,ca10,
vtd,"District Court, D. Vermont",FD,Federal District,Federal,Vermont,Court of Appeals for the Second Circuit,ca2,
vaed,"District Court, E.D. Virginia",FD,Federal District,Federal,Virginia,Court of Appeals for the Fourth Circuit,ca4,
vawd,"District Court, W.D. Virginia",FD,Federal District,Federal,Virginia,Court of Appeals for the Fourth Circuit,ca4,
waed,"District Court, E.D. Washington",FD,Federal District,Federal,Washington,Court of Appeals for the Ninth Circuit,ca9,
wawd,"District Court, W.D. Washington",FD,Federal District,Federal,Washington,Court of Appeals for the Ninth Circuit,ca9,
wvnd,"District Court, N.D. West Virginia",FD,Federal District,Federal,West Virginia,Court of Appeals for the Fourth Circuit,ca4,
wvsd,"District Court, S.D. West Virginia",FD,Federal District,Federal,West Virginia,Court of Appeals for the Fourth Circuit,ca4,
wied,"District Court, E.D. Wisconsin",FD,Federal District,Federal,Wisconsin,Court of Appeals for the Seventh Circuit,ca7,
wiwd,"District Court, W.D. Wisconsin",FD,Federal District,Federal,Wisconsin,Court of Appeals for the Seventh Circuit,ca7,
wyd,"District Court, D. Wyoming",FD,Federal District,Federal,Wyoming,Court of Appeals for the Tenth Circuit,ca10,
gud,"District Court, D. Guam",FD,Federal District,Federal,Guam,Court of Appeals for the Ninth Circuit,ca9,
nmid,"District Court, Northern Mariana Islands",FD,Federal District,Federal,Northern Mariana Islands,Court of Appeals for the Ninth Circuit,ca9,
prd,"District Court, D. Puerto Rico",FD,Federal District,Federal,Puerto Rico,Court of Appeals for the First Circuit,ca1,
vid,"District Court, Virgin Islands",FD,Federal District,Federal,West Virginia,Court of Appeals for the Third Circuit,ca3,
ala,Supreme Court of Alabama,S,State Supreme,State,Alabama,Supreme Court of the United States,scotus,
alacrimapp,Court of Criminal Appeals of Alabama,SA,State Appellate,State,Alabama,Supreme Court of Alabama,ala,
alacivapp,Court of Civil Appeals of Alabama,SA,State Appellate,State,Alabama,Supreme Court of Alabama,ala,
alaska,Alaska Supreme Court,S,State Supreme,State,Alaska,Supreme Court of the United States,scotus,
alaskactapp,Court of Appeals of Alaska,SA,State Appellate,State,Alaska,Alaska Supreme Court,alaska,
ariz,Arizona Supreme Court,S,State Supreme,State,Arizona,Supreme Court of the United States,scotus,
arizctapp,Court of Appeals of Arizona,SA,State Appellate,State,Arizona,Arizona Supreme Court,ariz,
ark,Supreme Court of Arkansas,S,State Supreme,State,Arkansas,Supreme Court of the United States,scotus,
arkctapp,Court of Appeals of Arkansas,SA,State Appellate,State,Arkansas,Supreme Court of Arkansas,ark,
cal,California Supreme Court,S,State Supreme,State,California,Supreme Court of the United States,scotus,
calctapp,California Court of Appeal,SA,State Appellate,State,California,California Supreme Court,cal,
calappdeptsuper,Appellate Division of the Superior Court of California,SA,State Appellate,State,California,California Supreme Court,cal,
colo,Supreme Court of Colorado,S,State Supreme,State,Colorado,Supreme Court of the United States,scotus,
coloctapp,Colorado Court of Appeals,SA,State Appellate,State,Colorado,Supreme Court of Colorado,colo,
conn,Supreme Court of Connecticut,S,State Supreme,State,Connecticut,Supreme Court of the United States,scotus,
connappct,Connecticut Appellate Court,SA,State Appellate,State,Connecticut,Supreme Court of Connecticut,conn,
connsuperct,Connecticut Superior Court,SA,State Appellate,State,Connecticut,Connecticut Appellate Court,connappct,
del,Supreme Court of Delaware,S,State Supreme,State,Delaware,Supreme Court of the United States,scotus,
delch,Court of Chancery of Delaware,SA,State Appellate,State,Delaware,Supreme Court of Delaware,del,
delsuperct,Superior Court of Delaware,SA,State Appellate,State,Delaware,Supreme Court of Delaware,del,
dc,District of Columbia Court of Appeals,S,State Supreme,State,District of Columbia,Supreme Court of the United States,scotus,
fla,Supreme Court of Florida,S,State Supreme,State,Florida,Supreme Court of the United States,scotus,
fladistctapp,District Court of Appeal of Florida,SA,State Appellate,State,Florida,Supreme Court of Florida,fla,
ga,Supreme Court of Georgia,S,State Supreme,State,Georgia,Supreme Court of the United States,scotus,
gactapp,Court of Appeals of Georgia,SA,State Appellate,State,Georgia,Supreme Court of Georgia,ga,
haw,Hawaii Supreme Court,S,State Supreme,State,Hawaii,Supreme Court of the United States,scotus,
hawapp,Hawaii Intermediate Court of Appeals,SA,State Appellate,State,Hawaii,Hawaii Supreme Court,haw,
idaho,Idaho Supreme Court,S,State Supreme,State,Idaho,Supreme Court of the United States,scotus,
idahoctapp,Idaho Court of Appeals,SA,State Appellate,State,Idaho,Idaho Supreme Court,idaho,
ill,Illinois Supreme Court,S,State Supreme,State,Illinois,Supreme Court of the United States,scotus,
illappct,Appellate Court of Illinois,SA,State Appellate,State,Illinois,Illinois Supreme Court,ill,
ind,Indiana Supreme Court,S,State Supreme,State,Indiana,Supreme Court of the United States,scotus,
indctapp,Indiana Court of Appeals,SA,State Appellate,State,Indiana,Indiana Supreme Court,ind,
iowa,Supreme Court of Iowa,S,State Supreme,State,Iowa,Supreme Court of the United States,scotus,
iowactapp,Court of Appeals of Iowa,SA,State Appellate,State,Iowa,Supreme Court of Iowa,iowa,
kan,Supreme Court of Kansas,S,State Supreme,State,Kansas,Supreme Court of the United States,scotus,
kanctapp,Court of Appeals of Kansas,SA,State Appellate,State,Kansas,Supreme Court of Kansas,kan,
ky,Kentucky Supreme Court,S,State Supreme,State,Kentucky,Supreme Court of the United States,scotus,
kyctapp,Court of Appeals of Kentucky,SA,State Appellate,State,Kentucky,Kentucky Supreme Court,ky,
la,Supreme Court of Louisiana,S,State Supreme,State,Louisiana,Supreme Court of the United States,scotus,
lactapp,Louisiana Court of Appeal,SA,State Appellate,State,Louisiana,Supreme Court of Louisiana,la,
me,Supreme Judicial Court of Maine,S,State Supreme,State,Maine,Supreme Court of the United States,scotus,
mesuperct,Superior Court of Maine,ST,State Trial,State,Maine,Supreme Judicial Court of Maine,me,
md,Court of Appeals of Maryland,S,State Supreme,State,Maryland,Supreme Court of the United States,scotus,Supreme Court of Maryland
mdctspecapp,Court of Special Appeals of Maryland,SA,State Appellate,State,Maryland,Court of Appeals of Maryland,md,
mass,Massachusetts Supreme Judicial Court,S,State Supreme,State,Massachusetts,Supreme Court of the United States,scotus,
massappct,Massachusetts Appeals Court,SA,State Appellate,State,Massachusetts,Massachusetts Supreme Judicial Court,mass,
masssuperct,Massachusetts Superior Court,SA,State Appellate,State,Massachusetts,Massachusetts Appeals Court,massappct,
massdistct,Massachusetts District Court,SA,State Appellate,State,Massachusetts,Massachusetts Appeals Court,massappct,
mich,Michigan Supreme Court,S,State Supreme,State,Michigan,Supreme Court of the United States,scotus,
michctapp,Michigan Court of Appeals,SA,State Appellate,State,Michigan,Michigan Supreme Court,mich,
minn,Supreme Court of Minnesota,S,State Supreme,State,Minnesota,Supreme Court of the United States,scotus,
minnctapp,Court of Appeals of Minnesota,SA,State Appellate,State,Minnesota,Supreme Court of Minnesota,minn,
miss,Mississippi Supreme Court,S,State Supreme,State,Mississippi,Supreme Court of the United States,scotus,
missctapp,Court of Appeals of Mississippi,SA,State Appellate,State,Mississippi,Mississippi Supreme Court,miss,
mo,Supreme Court of Missouri,S,State Supreme,State,Missouri,Supreme Court of the United States,scotus,
moctapp,Missouri Court of Appeals,SA,State Appellate,State,Missouri,Supreme Court of Missouri,mo,
mont,Montana Supreme Court,S,State Supreme,State,Montana,Supreme Court of the United States,scotus,
neb,Nebraska Supreme Court,S,State Supreme,State,Nebraska,Supreme Court of the United States,scotus,
nebctapp,Nebraska Court of Appeals,SA,State Appellate,State,Nebraska,Nebraska Supreme Court,neb,
nev,Nevada Supreme Court,S,State Supreme,State,Nevada,Supreme Court of the United States,scotus,
nevapp,Court of Appeals of Nevada,SA,State Appellate,State,Nevada,Nevada Supreme Court,nev,
nh,Supreme Court of New Hampshire,S,State Supreme,State,New Hampshire,Supreme Court of the United States,scotus,
nhsuperct,Superior Court of New Hampshire,ST,State Trial,State,New Hampshire,Supreme Court of New Hampshire,nh,
nj,Supreme Court of New Jersey,S,State Supreme,State,New Jersey,Supreme Court of the United States,scotus,
njsuperctappdiv,New Jersey Superior Court Appellate Division,SA,State Appellate,State,New Jersey,Supreme Court of New Jersey,nj,
nm,New Mexico Supreme Court,S,State Supreme,State,New Mexico,Supreme Court of the United States,scotus,
nmctapp,New Mexico Court of Appeals,SA,State Appellate,State,New Mexico,New Mexico Supreme Court,nm,
ny,New York Court of Appeals,S,State Supreme,State,New York,Supreme Court of the United States,scotus,
nyappdiv,Appellate Division of the Supreme Court of the State of New York,SA,State Appellate,State,New York,New York Court of Appeals,ny,
nyappterm,Appellate Terms of the Supreme Court of New York,SA,State Appellate,State,New York,New York Court of Appeals,ny,
nysupct,New York Supreme Court,ST,State Trial,State,New York,Appellate Division of the Supreme Court of the State of New York,nyappdiv,
nycountyct,New York County Courts,ST,State Trial,State,New York,Appellate Division of the Supreme Court of the State of New York,nyappdiv,
nydistct,New York District Court,ST,State Trial,State,New York,Appellate Division of the Supreme Court of the State of New York,nyappdiv,
nyjustct,New York Justice Court,ST,State Trial,State,New York,Appellate Terms of the Supreme Court of New York,nyappterm,
nc,Supreme Court of North Carolina,S,State Supreme,State,North Carolina,Supreme Court of the United States,scotus,
ncctapp,Court of Appeals of North Carolina,SA,State Appellate,State,North Carolina,Supreme Court of North Carolina,nc,
ncsuperct,Superior Court of North Carolina,SA,State Appellate,State,North Carolina,Supreme Court of North Carolina,nc,
nd,North Dakota Supreme Court,S,State Supreme,State,North Dakota,Supreme Court of the United States,scotus,
ndctapp,North Dakota Court of Appeals,SA,State Appellate,State,North Dakota,North Dakota Supreme Court,nd,
ohio,Ohio Supreme Court,S,State Supreme,State,Ohio,Supreme Court of the United States,scotus,
ohioctapp,Ohio Court of Appeals,SA,State Appellate,State,Ohio,Ohio Supreme Court,ohio,
okla,Supreme Court of Oklahoma,S,State Supreme,State,Oklahoma,Supreme Court of the United States,scotus,
oklacivapp,Court of Civil Appeals of Oklahoma,SA,State Appellate,State,Oklahoma,Supreme Court of Oklahoma,okla,
oklacrimapp,Court of Criminal Appeals of Oklahoma,SA,State Appellate,State,Oklahoma,Supreme Court of the United States,scotus,
or,Oregon Supreme Court,S,State Supreme,State,Oregon,Supreme Court of the United States,scotus,
orctapp,Court of Appeals of Oregon,SA,State Appellate,State,Oregon,Oregon Supreme Court,or,
pa,Supreme Court of Pennsylvania,S,State Supreme,State,Pennsylvania,Supreme Court of the United States,scotus,
pasuperct,Superior Court of Pennsylvania,SA,State Appellate,State,Pennsylvania,Supreme Court of Pennsylvania,pa,
pacommwct,Commonwealth Court of Pennsylvania,SA,State Appellate,State,Pennsylvania,Supreme Court of Pennsylvania,pa,
ri,Supreme Court of Rhode Island,S,State Supreme,State,Rhode Island,Supreme Court of the United States,scotus,
risuperct,Superior Court of Rhode Island,SA,State Appellate,State,Rhode Island,Supreme Court of Rhode Island,ri,
sc,Supreme Court of South Carolina,S,State Supreme,State,South Carolina,Supreme Court of the United States,scotus,
scctapp,Court of Appeals of South Carolina,SA,State Appellate,State,South Carolina,Supreme Court of South Carolina,sc,
sd,South Dakota Supreme Court,S,State Supreme,State,South Dakota,Supreme Court of the United States,scotus,
tenn,Tennessee Supreme Court,S,State Supreme,State,Tennessee,Supreme Court of the United States,scotus,
tennctapp,Court of Appeals of Tennessee,SA,State Appellate,State,Tennessee,Tennessee Supreme Court,tenn,
tenncrimapp,Court of Criminal Appeals of Tennessee,SA,State Appellate,State,Tennessee,Tennessee Supreme Court,tenn,
tex,Texas Supreme Court,S,State Supreme,State,Texas,Supreme Court of the United States,scotus,
texapp,Court of Appeals of Texas,SA,State Appellate,State,Texas,Texas Supreme Court,tex,
texcrimapp,Court of Criminal Appeals of Texas,S,State Supreme,State,Texas,Supreme Court of the United States,scotus,
texjpml,Texas Judicial Panel on Multidistrict Litigation,SA,State Appellate,State,Texas,Court of Criminal Appeals of Texas,texcrimapp,
utah,Utah Supreme Court,S,State Supreme,State,Utah,Supreme Court of the United States,scotus,
utahctapp,Court of Appeals of Utah,SA,State Appellate,State,Utah,Utah Supreme Court,utah,
vt,Supreme Court of Vermont,S,State Supreme,State,Vermont,Supreme Court of the United States,scotus,
vtsuperct,Vermont Superior Court,SA,State Appellate,State,Vermont,Supreme Court of Vermont,vt,
va,Supreme Court of Virginia,S,State Supreme,State,Virginia,Supreme Court of the United States,scotus,
vactapp,Court of Appeals of Virginia,SA,State Appellate,State,Virginia,Supreme Court of Virginia,va,
wash,Washington Supreme Court,S,State Supreme,State,Washington,Supreme Court of the United States,scotus,
washctapp,Court of Appeals of Washington,SA,State Appellate,State,Washington,Washington Supreme Court,wash,
wva,West Virginia Supreme Court,S,State Supreme,State,West Virginia,Supreme Court of the United States,scotus,
wvactapp,Intermediate Court of Appeals of West Virginia,SA,State Appellate,State,West Virginia,West Virginia Supreme Court,wva,
wis,Wisconsin Supreme Court,S,State Supreme,State,Wisconsin,Supreme Court of the United States,scotus,
wisctapp,Court of Appeals of Wisconsin,SA,State Appellate,State,Wisconsin,Wisconsin Supreme Court,wis,
wyo,Wyoming Supreme Court,S,State Supreme,State,Wyoming,Supreme Court of the United States,scotus,
guam,Supreme Court of Guam,TS,Territory Supreme,Territory,Guam,Supreme Court of the United States,scotus,
superctguam,Superior Court of Guam,TA,Territory Appellate,Territory,Guam,Supreme Court of Guam,guam,
nmariana,Supreme Court of The Commonwealth of The Northern Mariana Islands,TS,Territory Supreme,Territory,Northern Mariana Islands,Supreme Court of the United States,scotus,
cnmisuperct,Northern Mariana Islands Commonwealth Superior Court,TT,Territory Trial,Territory,Northern Mariana Islands,Supreme Court of The Commonwealth of The Northern Mariana Islands,nmariana,
cnmitrialct,Northern Mariana Islands Commonwealth Trial Court,TT,Territory Trial,Territory,Northern Mariana Islands,Northern Mariana Islands Commonwealth Superior Court,cnmisuperct,
prsupreme,Supreme Court of Puerto Rico,TS,Territory Supreme,Territory,Puerto Rico,Supreme Court of the United States,scotus,
prapp,Tribunal De Apelaciones De Puerto Rico/Court of Appeals of Puerto Rico,TA,Territory Appellate,Territory,Puerto Rico,Supreme Court of Puerto Rico,prsupreme,
virginislands,Supreme Court of The Virgin Islands,TS,Territory Supreme,Territory,The Virgin Islands,Supreme Court of the United States,scotus,
visuper,Superior Court of The Virgin Islands,TT,Territory Trial,Territory,The Virgin Islands,Supreme Court of The Virgin Islands,virginislands,
amsamoa,High Court of American Samoa,TS,Territory Supreme,Territory,American Samoa,Supreme Court of the United States,scotus,
amsamoatc,American Samoa District Court,TT,Territory Trial,Territory,American Samoa,High Court of American Samoa,amsamoa,
